Name,FileSource,Secondary,Storage,Bus,VolumeGroup,DuckGroup,Duck,ReverbSend,CenterSend,VolMin,VolMax,DistMin,DistMaxDry,DistMaxWet,DryMinCurve,DryMaxCurve,WetMinCurve,WetMaxCurve,LimitCount,EntityLimitCount,LimitType,EntityLimitType,PitchMin,PitchMax,PriorityMin,PriorityMax,PriorityThresholdMin,PriorityThresholdMax,PanType,Pan,Looping,RandomizeType,Probability,StartDelay,EnvelopMin,EnvelopMax,EnvelopPercent,OcclusionLevel,IsBig,DistanceLpf,FluxType,FluxTime,Subtitle,Doppler,ContextType,ContextValue,Timescale,IsMusic,IsCinematic,FadeIn,FadeOut,Pauseable,StopOnEntDeath,StopOnPlay,DopplerScale,FutzPatch,VoiceLimit,IgnoreMaxDist,NeverPlayTwice
fly_generic_ads_lower_plr,raw\sound\fly\heavy_cloth\ads_down\wpn_generic_ads_down_00.LN65.pc.snd,,loaded,bus_fx,grp_foley,snp_foley,,0,0,47,52,0,5000,5000,allon,default,allon,default,1,8,oldest,oldest,-200,200,25,35,0,1,2d,front,nonlooping,,1,0,0,0,0,0.25,no,yes,none,0,,no,,,yes,no,no,0,0,yes,no,,0,,no,no,no
fly_generic_ads_plr,raw\sound\fly\heavy_cloth\ads\wpn_generic_ads_00.LN65.pc.snd,,loaded,bus_fx,grp_foley,snp_foley,,0,0,47,52,0,5000,5000,allon,default,allon,default,1,8,oldest,oldest,-200,200,25,35,0,1,2d,front,nonlooping,,1,0,0,0,0,0.25,no,yes,none,0,,no,,,yes,no,no,0,0,yes,no,,0,,no,no,no
fly_generic_down_npc,raw\sound\fly\heavy_cloth\wpn_away\wpn_assault_away.LN65.pc.snd,,loaded,bus_fx,grp_foley,snp_foley,,30,0,75,75,75,500,500,allon,default,allon,default,4,1,priority,reject,-100,100,15,30,0.25,1,3d,default,nonlooping,,1,0,25,250,75,0.25,no,yes,none,0,,no,,,yes,no,no,0,0,yes,no,,0,,no,no,no
fly_generic_down_plr,raw\sound\fly\heavy_cloth\wpn_away\wpn_assault_away.LN65.pc.snd,,loaded,bus_fx,grp_foley,snp_foley,,73,0,66,71,0,5000,5000,allon,default,allon,default,4,1,oldest,reject,-100,100,70,70,0,1,2d,front,nonlooping,,1,0,0,0,0,0.25,no,yes,none,0,,no,,,yes,no,no,0,0,yes,no,,0,,no,no,no
fly_generic_first_raise_npc,raw\sound\fly\heavy_cloth\long\fly_heavy_cloth_long_00.LN65.pc.snd,,loaded,bus_fx,grp_foley,snp_foley,,30,0,75,75,75,500,500,allon,default,allon,default,4,8,priority,oldest,-90,90,15,30,0.25,1,3d,default,nonlooping,,1,0,25,250,75,0.25,no,yes,none,0,,no,,,yes,no,no,0,0,yes,no,,0,,no,no,no
fly_generic_first_raise_plr,raw\sound\fly\heavy_cloth\long\fly_heavy_cloth_long_00.LN65.pc.snd,wpn_med_rat_raise_plr,loaded,bus_fx,grp_foley,snp_foley,,73,0,66,71,0,5000,5000,allon,default,allon,default,4,8,oldest,oldest,-200,200,70,70,0,1,2d,front,nonlooping,,1,0,0,0,0,0.25,no,yes,none,0,,no,,,yes,no,no,0,0,yes,no,,0,,no,no,no
fly_generic_pickup_npc,raw\sound\fly\pickups\weapon\fly_weapon_pickup_00.LN65.pc.snd,,loaded,bus_fx,grp_foley,snp_foley,,30,0,75,75,75,500,500,allon,default,allon,default,2,1,priority,reject,-50,50,15,30,0.25,1,3d,default,nonlooping,,1,0,25,250,75,0.25,no,yes,none,0,,no,,,yes,no,no,0,0,yes,no,,0,,no,no,no
fly_generic_pickup_plr,raw\sound\fly\pickups\weapon\fly_weapon_pickup_00.LN65.pc.snd,,loaded,bus_fx,grp_foley,snp_foley,,73,0,66,71,0,5000,5000,allon,default,allon,default,4,8,oldest,oldest,-200,200,70,70,0,1,2d,front,nonlooping,,1,0,0,0,0,0.25,no,yes,none,0,,no,,,yes,no,no,0,0,yes,no,,0,,no,no,no
fly_generic_raise_npc,raw\sound\fly\heavy_cloth\long\fly_heavy_cloth_long_00.LN65.pc.snd,,loaded,bus_fx,grp_foley,snp_foley,,30,0,75,75,75,500,500,allon,default,allon,default,4,8,priority,oldest,-90,90,15,30,0.25,1,3d,default,nonlooping,,1,0,25,250,75,0.25,no,yes,none,0,,no,,,yes,no,no,0,0,yes,no,,0,,no,no,no
fly_generic_raise_plr,raw\sound\fly\heavy_cloth\long\fly_heavy_cloth_long_00.LN65.pc.snd,wpn_med_rat_raise_plr,loaded,bus_fx,grp_foley,snp_foley,,73,0,66,71,0,5000,5000,allon,default,allon,default,4,8,oldest,oldest,-200,200,70,70,0,1,2d,front,nonlooping,,1,0,0,0,0,0.25,no,yes,none,0,,no,,,yes,no,no,0,0,yes,no,,0,,no,no,no
fly_shoulder_down_npc,raw\sound\fly\heavy_cloth\wpn_away\wpn_assault_away.LN65.pc.snd,,loaded,bus_fx,grp_foley,snp_foley,,30,0,75,75,75,500,500,allon,default,allon,default,4,1,priority,reject,-100,100,15,30,0.25,1,3d,default,nonlooping,,1,0,25,250,75,0.25,no,yes,none,0,,no,,,yes,no,no,0,0,yes,no,,0,,no,no,no
fly_shoulder_down_plr,raw\sound\fly\heavy_cloth\wpn_away\wpn_assault_away.LN65.pc.snd,,loaded,bus_fx,grp_foley,snp_foley,,73,0,66,71,0,5000,5000,allon,default,allon,default,4,1,oldest,reject,-100,100,70,70,0,1,2d,front,nonlooping,,1,0,0,0,0,0.25,no,yes,none,0,,no,,,yes,no,no,0,0,yes,no,,0,,no,no,no
fly_shoulder_first_raise_npc,raw\sound\fly\heavy_cloth\long\fly_heavy_cloth_long_00.LN65.pc.snd,,loaded,bus_fx,grp_foley,snp_foley,,30,0,75,75,75,500,500,allon,default,allon,default,4,8,priority,oldest,-90,90,15,30,0.25,1,3d,default,nonlooping,,1,0,25,250,75,0.25,no,yes,none,0,,no,,,yes,no,no,0,0,yes,no,,0,,no,no,no
fly_shoulder_first_raise_plr,raw\sound\fly\heavy_cloth\long\fly_heavy_cloth_long_00.LN65.pc.snd,fly_wpn_shoulder_tube_plr,loaded,bus_fx,grp_foley,snp_foley,,73,0,66,71,0,5000,5000,allon,default,allon,default,4,8,oldest,oldest,-200,200,70,70,0,1,2d,front,nonlooping,,1,0,0,0,0,0.25,no,yes,none,0,,no,,,yes,no,no,0,0,yes,no,,0,,no,no,no
fly_shoulder_pickup_npc,raw\sound\fly\pickups\weapon\fly_weapon_pickup_00.LN65.pc.snd,,loaded,bus_fx,grp_foley,snp_foley,,30,0,75,75,75,500,500,allon,default,allon,default,2,1,priority,reject,-50,50,15,30,0.25,1,3d,default,nonlooping,,1,0,25,250,75,0.25,no,yes,none,0,,no,,,yes,no,no,0,0,yes,no,,0,,no,no,no
fly_shoulder_pickup_plr,raw\sound\fly\pickups\weapon\fly_weapon_pickup_00.LN65.pc.snd,,loaded,bus_fx,grp_foley,snp_foley,,73,0,66,71,0,5000,5000,allon,default,allon,default,4,8,oldest,oldest,-200,200,70,70,0,1,2d,front,nonlooping,,1,0,0,0,0,0.25,no,yes,none,0,,no,,,yes,no,no,0,0,yes,no,,0,,no,no,no
fly_shoulder_raise_npc,raw\sound\fly\heavy_cloth\long\fly_heavy_cloth_long_00.LN65.pc.snd,,loaded,bus_fx,grp_foley,snp_foley,,30,0,75,75,75,500,500,allon,default,allon,default,4,8,priority,oldest,-90,90,15,30,0.25,1,3d,default,nonlooping,,1,0,25,250,75,0.25,no,yes,none,0,,no,,,yes,no,no,0,0,yes,no,,0,,no,no,no
fly_shoulder_raise_plr,raw\sound\fly\heavy_cloth\long\fly_heavy_cloth_long_00.LN65.pc.snd,fly_wpn_shoulder_tube_plr,loaded,bus_fx,grp_foley,snp_foley,,73,0,66,71,0,5000,5000,allon,default,allon,default,4,8,oldest,oldest,-200,200,70,70,0,1,2d,front,nonlooping,,1,0,0,0,0,0.25,no,yes,none,0,,no,,,yes,no,no,0,0,yes,no,,0,,no,no,no
wpn_1911_dryfire_npc,raw\sound\wpn\smg\dry_fire\plr\dry_fire_plr.LN65.pc.snd,,loaded,bus_fx,grp_weapon,snp_wpn_3p,,55,0,85,85,900,900,900,cosdelay,alloff,cosdelay,default,6,2,priority,oldest,-281,281,20,90,0.25,0.8,3d,default,nonlooping,,1,0,0,0,0,0.25,no,no,none,0,,no,,,yes,no,no,0,0,yes,no,,0,,no,no,no
wpn_1911_dryfire_plr,raw\sound\wpn\smg\dry_fire\plr\dry_fire_plr.LN65.pc.snd,,loaded,bus_fx,grp_weapon,snp_wpn_1p,,65,0,90,90,0,5000,5000,allon,default,allon,default,2,8,oldest,oldest,0,0,90,90,0.25,1,2d,front_mostly,nonlooping,,1,0,0,0,0,0.25,no,no,none,0,,no,,,yes,no,no,0,0,yes,no,,0,,no,no,no
wpn_1911_fire_npc,raw\sound\wpn\pistol\fiveseven\plr\shot\wpn_fiveseven_shot_plr.LN65.pc.snd,wpn_1911_fire_npc_dist,loaded,bus_fx,grp_weapon,snp_wpn_3p,,55,0,85,85,900,900,900,cosdelay,alloff,cosdelay,default,6,2,priority,oldest,-25,25,20,90,0.25,0.8,3d,default,nonlooping,variant,1,0,0,0,0,0.3,no,no,none,0,,no,,,yes,no,no,0,0,yes,no,,0,,no,no,no
wpn_1911_fire_plr,raw\sound\wpn\pistol\fnp45\plr\shot\wpn_fnp45_fire_plr.LN65.pc.snd,wpn_1911_LFE,loaded,bus_fx,grp_weapon,snp_wpn_1p,@ce86373b,65,0,90,90,0,5000,5000,allon,default,allon,default,2,8,oldest,oldest,-25,25,90,90,0.25,1,2d,front_mostly,nonlooping,,1,0,0,0,0,0.25,no,no,none,0,,no,,,yes,no,no,0,0,yes,no,,0,,no,no,no
wpn_ammo_pickup_npc,raw\sound\fly\pickups\ammo\fly_ammo_pickup_00.LN65.pc.snd,,loaded,bus_fx,grp_foley,snp_foley,,30,0,75,75,75,500,500,allon,default,allon,default,2,1,priority,reject,-50,50,15,30,0.25,1,3d,default,nonlooping,,1,0,25,250,75,0.25,no,yes,none,0,,no,,,yes,no,no,0,0,yes,no,,0,,no,no,no
wpn_ammo_pickup_plr,raw\sound\fly\pickups\ammo\fly_ammo_pickup_00.LN65.pc.snd,,loaded,bus_fx,grp_foley,snp_foley,,30,0,75,75,0,5000,5000,allon,default,allon,default,1,8,reject,oldest,-88,84,70,70,0.25,1,2d,front,nonlooping,,1,0,0,0,0,0.25,no,yes,none,0,,no,,,yes,no,no,0,0,yes,no,,0,,no,no,no
wpn_generic_dryfire_npc,raw\sound\wpn\assault\dry_fire\npc\dry_fire_00.LN65.pc.snd,,loaded,bus_fx,grp_weapon,snp_wpn_3p,,0,0,80,80,75,275,275,allon,default,allon,default,8,2,priority,oldest,0,0,10,30,0.25,1,3d,default,nonlooping,,1,0,0,0,0,0.25,no,no,none,0,,no,,,yes,no,no,0,0,yes,no,,0,,no,no,no
wpn_generic_dryfire_plr,raw\sound\wpn\assault\dry_fire\plr\dry_fire_00.LN65.pc.snd,,loaded,bus_fx,grp_weapon,snp_wpn_1p,,0,0,80,80,0,5000,5000,allon,default,allon,default,2,8,oldest,oldest,0,0,10,30,0.25,1,2d,front_mostly,nonlooping,,1,0,0,0,0,0.25,no,no,none,0,,no,,,yes,no,no,0,0,yes,no,,0,,no,no,no
wpn_gl_rifle_1straise_npc,raw\sound\fly\gear\rattle\fly_cloth_00.LN65.pc.snd,,loaded,bus_fx,grp_foley,snp_foley,,30,0,75,75,75,500,500,allon,default,allon,default,4,8,priority,oldest,-90,90,15,30,0.25,1,3d,default,nonlooping,,1,0,25,250,75,0.25,no,yes,none,0,,no,,,yes,no,no,0,0,yes,no,,0,,no,no,no
wpn_gl_rifle_1straise_plr,raw\sound\fly\gear\rattle\fly_cloth_00.LN65.pc.snd,,loaded,bus_fx,grp_foley,snp_foley,,30,0,86,89,0,5000,5000,allon,default,allon,default,8,8,priority,oldest,-88,84,70,70,0.25,1,2d,front,nonlooping,,1,0,0,0,0,0.25,no,yes,none,0,,no,,,yes,no,no,0,0,yes,no,,0,,no,no,no
wpn_gl_rifle_dryfire_npc,raw\sound\wpn\lmg\dry_fire\npc\dry_fire_00.LN65.pc.snd,,loaded,bus_fx,grp_weapon,snp_wpn_3p,,55,0,88,88,900,900,900,cosdelay,alloff,cosdelay,default,6,2,priority,oldest,-88,84,50,90,0.25,0.8,3d,default,nonlooping,,1,0,0,0,0,0.25,no,no,none,0,,no,,,yes,no,no,0,0,yes,no,,0,,no,no,no
wpn_gl_rifle_dryfire_plr,raw\sound\wpn\assault\dry_fire\plr\dry_fire_00.LN65.pc.snd,,loaded,bus_fx,grp_weapon,snp_wpn_1p,,65,0,93,93,0,5000,5000,allon,default,allon,default,3,8,oldest,oldest,0,0,90,90,0.25,1,2d,front_mostly,nonlooping,,1,0,0,0,0,0.25,no,no,none,0,,no,,,yes,no,no,0,0,yes,no,,0,,no,no,no
wpn_gl_rifle_fire_npc,raw\sound\wpn\gren_launcher\attachment\plr\shot\shot_00.LN65.pc.snd,,loaded,bus_fx,grp_weapon,snp_wpn_3p,,55,0,82,82,900,900,901,cosdelay,alloff,cosdelay,default,8,3,priority,oldest,-300,200,40,90,0.25,0.8,3d,default,nonlooping,,1,0,0,0,0,0.25,no,no,none,0,,no,,,yes,no,no,0,0,yes,no,,0,,no,no,no
wpn_gl_rifle_fire_plr,raw\sound\wpn\gren_launcher\attachment\plr\shot\shot_00.LN65.pc.snd,wpn_gl_rifle_bass_swt,loaded,bus_fx,grp_weapon,snp_wpn_1p,,65,0,93,93,0,5000,5000,allon,default,allon,default,3,8,oldest,oldest,0,0,90,90,0.25,1,2d,front_mostly,nonlooping,,1,0,0,0,0,0.25,no,no,none,0,,no,,,yes,no,no,0,0,yes,no,,0,,no,no,no
wpn_gl_rifle_raise_npc,raw\sound\fly\gear\rattle\fly_cloth_00.LN65.pc.snd,,loaded,bus_fx,grp_foley,snp_foley,,30,0,75,75,75,500,500,allon,default,allon,default,4,8,priority,oldest,-90,90,15,30,0.25,1,3d,default,nonlooping,,1,0,25,250,75,0.25,no,yes,none,0,,no,,,yes,no,no,0,0,yes,no,,0,,no,no,no
wpn_gl_rifle_raise_plr,raw\sound\fly\gear\rattle\fly_cloth_00.LN65.pc.snd,,loaded,bus_fx,grp_foley,snp_foley,,30,0,86,89,0,5000,5000,allon,default,allon,default,8,8,priority,oldest,-88,84,70,70,0.25,1,2d,front,nonlooping,,1,0,0,0,0,0.25,no,yes,none,0,,no,,,yes,no,no,0,0,yes,no,,0,,no,no,no
wpn_gren_pickup_npc,raw\sound\fly\pickups\grenade\fly_grenade_pickup_00.LN65.pc.snd,,loaded,bus_fx,grp_foley,snp_foley,,30,0,75,75,75,500,500,allon,default,allon,default,2,1,priority,reject,-50,50,15,30,0.25,1,3d,default,nonlooping,,1,0,25,250,75,0.25,no,yes,none,0,,no,,,yes,no,no,0,0,yes,no,,0,,no,no,no
wpn_gren_pickup_plr,raw\sound\fly\pickups\grenade\fly_grenade_pickup_00.LN65.pc.snd,,loaded,bus_fx,grp_foley,snp_foley,,30,0,75,75,0,5000,5000,allon,default,allon,default,1,8,reject,oldest,-88,84,70,70,0.25,1,2d,front,nonlooping,,1,0,0,0,0,0.25,no,yes,none,0,,no,,,yes,no,no,0,0,yes,no,,0,,no,no,no
wpn_grenade_bounce_flesh,raw\sound\wpn\grenade\bounce\frag\earth\earth_00.LN65.pc.snd,,loaded,bus_fx,grp_impacts,snp_hdrfx,,65,0,81,83,200,575,575,allon,default,allon,default,8,8,priority,oldest,-182,84,80,95,0.25,1,3d,default,nonlooping,,1,0,25,225,85,0.25,no,no,none,0,,no,,,yes,no,no,0,0,yes,no,,0,,no,no,no
wpn_grenade_explode,raw\sound\wpn\grenade\explosion\explode\explode_00.LN65.pc.snd,wpn_grenade_explode_close,loaded,bus_fx,grp_explosion,snp_grenade,@3bc2ac7,60,0,95,95,750,4500,6000,allon,default,allon,default,4,8,oldest,oldest,-300,300,90,99,0.25,0.8,3d,quad,nonlooping,,1,0,0,0,0,0.1,yes,no,none,0,,no,,,yes,no,no,0,0,yes,no,,0,,no,no,no
wpn_grenade_projectile_loop,raw\sound\prj\grenade\whizby\grenade_whizby_00.LL65.pc.snd,,loaded,bus_fx,grp_weapon,snp_wpn_3p,,55,0,72,72,50,375,375,cosdelay,alloff,cosdelay,default,6,2,priority,oldest,-88,84,50,90,0.25,0.8,3d,default,looping,,1,0,0,0,0,0.25,no,no,none,0,,yes,,,yes,no,no,0,0,yes,no,,0,,no,no,no
wpn_grenade_throw,raw\sound\wpn\grenade\foley\throw\gren_throw.LN65.pc.snd,wpn_grenade_throw_cloth,loaded,bus_fx,grp_foley,snp_foley,,30,0,68,70,100,150,150,allon,default,allon,default,3,1,oldest,oldest,-182,165,90,90,0.25,1,3d,front,nonlooping,,1,0,0,0,0,0.25,no,yes,none,0,,no,,,yes,no,no,0,0,yes,no,,0,,no,no,no
wpn_hk416_fire_npc,raw\sound\wpn\assault\m27\plr\shot\wpn_m27_shot_plr.LN65.pc.snd,wpn_hk416_LFE_npc,loaded,bus_fx,grp_weapon,snp_wpn_3p,,55,0,82,82,900,900,901,cosdelay,alloff,cosdelay,default,8,2,priority,oldest,-25,25,40,90,0.25,0.8,3d,default,nonlooping,,1,0,0,0,0,0.25,no,no,none,0,,no,,,yes,no,no,0,0,yes,no,,0,,no,no,no
wpn_hk416_fire_npc_pap,raw\sound\wpn\pap\pap_shot_st.LN65.pc.snd,wpn_hk416_flux_l_npc_pap,loaded,bus_fx,grp_weapon,snp_wpn_3p,,80,0,82,82,75,1250,1250,allon,default,allon,default,10,3,priority,oldest,-100,100,50,90,0.35,1,3d,default,nonlooping,pitch,1,0,0,0,0,0.25,no,no,none,0,,no,,,yes,no,no,0,0,yes,no,,0,,no,no,no
wpn_hk416_fire_plr,raw\sound\wpn\assault\m27\plr\shot\wpn_m27_shot_plr.LN65.pc.snd,wpn_hk416_lfe,loaded,bus_fx,grp_weapon,snp_wpn_1p,,65,0,93,93,0,5000,5000,allon,default,allon,default,3,8,oldest,oldest,-25,25,90,90,0.25,1,2d,front_mostly,nonlooping,,1,0,0,0,0,0.25,no,no,none,0,,no,,,yes,no,no,0,0,yes,no,,0,,no,no,no
wpn_hk416_fire_plr_pap,raw\sound\wpn\pap\pap_shot_st.LN65.pc.snd,wpn_hk416_flux_l_plr_pap,loaded,bus_hdrfx,grp_weapon,snp_wpn_1p,,70,0,87,87,0,5000,5000,allon,default,allon,default,1,8,oldest,oldest,0,0,90,90,0.25,1,2d,wpn_all,nonlooping,,1,0,0,0,0,0.25,no,no,none,0,,no,,,yes,no,no,0,0,yes,no,,0,,no,no,no
wpn_judge_fire_npc,raw\sound\wpn\pistol\judge\plr\shot\wpn_judge_shot_plr.LN65.pc.snd,wpn_judge_LFE_npc,loaded,bus_fx,grp_weapon,snp_wpn_3p,,55,0,85,85,900,900,900,cosdelay,alloff,cosdelay,default,6,2,priority,oldest,-281,281,20,90,0.25,0.8,3d,default,nonlooping,,1,0,0,0,0,0.3,no,no,none,0,,no,,,yes,no,no,0,0,yes,no,,0,,no,no,no
wpn_judge_fire_plr,raw\sound\wpn\pistol\judge\plr\shot\wpn_judge_shot_plr.LN65.pc.snd,wpn_judge_LFE,loaded,bus_fx,grp_weapon,snp_wpn_1p,,65,0,90,90,0,5000,5000,allon,default,allon,default,2,8,oldest,oldest,0,0,90,90,0.25,1,2d,front_mostly,nonlooping,,1,0,0,0,0,0.25,no,no,none,0,,no,,,yes,no,no,0,0,yes,no,,0,,no,no,no
wpn_kard_fire_npc,raw\sound\wpn\smg\kard\plr\shot\wpn_kard_shot_plr.LN65.pc.snd,wpn_kard_LFE_npc,loaded,bus_fx,grp_weapon,snp_wpn_3p,,55,0,85,85,900,900,900,cosdelay,alloff,cosdelay,default,6,2,priority,oldest,-25,25,20,90,0.25,0.8,3d,default,nonlooping,variant,1,0,0,0,0,0.3,no,no,none,0,,no,,,yes,no,no,0,0,yes,no,,0,,no,no,no
wpn_kard_fire_plr,raw\sound\wpn\smg\kard\plr\shot\wpn_kard_shot_plr.LN65.pc.snd,wpn_kard_LFE,loaded,bus_fx,grp_weapon,snp_wpn_1p,@ce86373b,65,0,90,90,0,5000,5000,allon,default,allon,default,2,8,oldest,oldest,-25,25,90,90,0.25,1,2d,front_mostly,nonlooping,,1,0,0,0,0,0.25,no,no,none,0,,no,,,yes,no,no,0,0,yes,no,,0,,no,no,no
wpn_med_putaway_plr,raw\sound\fly\heavy_cloth\long\fly_heavy_cloth_long_00.LN65.pc.snd,,loaded,bus_fx,grp_foley,snp_foley,,73,0,48,50,0,5000,5000,allon,default,allon,default,4,1,oldest,reject,-100,100,70,70,0,1,2d,front,nonlooping,,1,0,0,0,0,0.25,no,yes,none,0,,no,,,yes,no,no,0,0,yes,no,,0,,no,no,no
wpn_med_raise_npc,raw\sound\fly\gear\rattle\fly_cloth_00.LN65.pc.snd,,loaded,bus_fx,grp_foley,snp_foley,,30,0,75,75,75,500,500,allon,default,allon,default,4,8,priority,oldest,-50,50,15,30,0.25,1,3d,default,nonlooping,,1,0,25,250,75,0.25,no,yes,none,0,,no,,,yes,no,no,0,0,yes,no,,0,,no,no,no
wpn_med_raise_plr,raw\sound\fly\heavy_cloth\med\fly_heavy_cloth_med_00.LN65.pc.snd,wpn_med_rat_raise_plr,loaded,bus_fx,grp_foley,snp_foley,,73,0,48,50,0,5000,5000,allon,default,allon,default,4,1,oldest,reject,-100,100,70,70,0,1,2d,front,nonlooping,,1,0,0,0,0,0.25,no,yes,none,0,,no,,,yes,no,no,0,0,yes,no,,0,,no,no,no
wpn_melee_hit,raw\sound\fly\melee\rifle_butt\imp_rifle_butt_00.LN60.pc.snd,,loaded,bus_fx,grp_foley,snp_special,,30,0,95,95,200,500,500,allon,default,allon,default,10,10,oldest,oldest,-200,200,70,70,0,1,3d,default,nonlooping,,1,0,50,75,98,0.1,no,yes,none,0,,no,,,yes,no,no,0,0,yes,no,,0,,no,no,no
wpn_melee_hit_other,raw\sound\wpn\melee\knife\knife_new\hit\hit_rock.LN65.pc.snd,,loaded,bus_hdrfx,grp_hdrfx,snp_hdrfx,,30,0,90,90,150,500,500,allon,default,allon,default,4,8,priority,oldest,-88,0,40,90,0.25,1,3d,default,nonlooping,,1,0,25,75,90,0.25,no,yes,none,0,,no,,,yes,no,no,0,0,yes,no,,0,,no,no,no
wpn_melee_knife_hit_body,raw\sound\wpn\melee\knife\knife_new\hit\hit_flesh_swing.LN65.pc.snd,wpn_melee_knife_gibs,loaded,bus_hdrfx,grp_hdrfx,snp_hdrfx,,30,0,90,90,150,500,500,allon,default,allon,default,4,8,priority,oldest,-88,0,40,90,0.25,1,3d,default,nonlooping,,1,0,25,75,90,0.25,no,yes,none,0,,no,,,yes,no,no,0,0,yes,no,,0,,no,no,no
wpn_qcw05_fire_npc,raw\sound\wpn\smg\qcw05\plr\shot\wpn_qcw05_shot_plr.LN65.pc.snd,wpn_qcw05_fire_npc_dist,loaded,bus_fx,grp_weapon,snp_wpn_3p,,55,0,87,87,900,900,900,cosdelay,alloff,cosdelay,default,3,3,oldest,oldest,-50,50,20,90,0.25,0.8,3d,default,nonlooping,,1,0,0,0,0,0.25,no,no,none,0,,no,,,yes,no,no,0,0,yes,no,,0,,no,no,no
wpn_qcw05_fire_plr,raw\sound\wpn\smg\qcw05\plr\shot\wpn_qcw05_shot_plr.LN65.pc.snd,wpn_qcw05_LFE,loaded,bus_fx,grp_weapon,snp_wpn_1p,,65,0,93,93,0,5000,5000,allon,default,allon,default,3,8,oldest,oldest,-50,50,90,90,0.25,1,2d,front_mostly,nonlooping,,1,0,0,0,0,0.25,no,no,none,0,,no,,,yes,no,no,0,0,yes,no,,0,,no,no,no
wpn_rottweil72_fire_npc,raw\sound\wpn\shotgun\870mcs\fire\wpn_870mcs_00.LN65.pc.snd,wpn_rottweil72_npc_LFE,loaded,bus_fx,grp_weapon,snp_wpn_3p,,55,0,88,88,900,900,900,cosdelay,alloff,cosdelay,default,6,2,priority,oldest,-88,84,50,90,0.25,0.8,3d,default,nonlooping,,1,0,0,0,0,0.25,no,no,none,0,,no,,,yes,no,no,0,0,yes,no,,0,,no,no,no
wpn_rottweil72_fire_npc_pap,raw\sound\wpn\pap\pap_shot_st.LN65.pc.snd,wpn_rottweil72_flux_l_npc_pap,loaded,bus_fx,grp_weapon,snp_wpn_3p,,80,0,82,82,75,1250,1250,allon,default,allon,default,10,3,priority,oldest,-100,100,50,90,0.35,1,3d,default,nonlooping,pitch,1,0,0,0,0,0.25,no,no,none,0,,no,,,yes,no,no,0,0,yes,no,,0,,no,no,no
wpn_rottweil72_fire_plr,raw\sound\wpn\shotgun\870mcs\fire\wpn_870mcs_00.LN65.pc.snd,wpn_rottweil72_LFE,loaded,bus_fx,grp_weapon,snp_wpn_1p,,65,0,90,90,0,5000,5000,allon,default,allon,default,8,2,priority,oldest,-100,100,90,90,0.25,1,2d,front_mostly,nonlooping,,1,0,0,0,0,0.25,no,no,none,0,,no,,,yes,no,no,0,0,yes,no,,0,,no,no,no
wpn_rottweil72_fire_plr_pap,raw\sound\wpn\pap\pap_shot_st.LN65.pc.snd,wpn_rottweil72_flux_l_plr_pap,loaded,bus_hdrfx,grp_weapon,snp_wpn_1p,,70,0,87,87,0,5000,5000,allon,default,allon,default,1,8,oldest,oldest,0,0,90,90,0.25,1,2d,wpn_all,nonlooping,,1,0,0,0,0,0.25,no,no,none,0,,no,,,yes,no,no,0,0,yes,no,,0,,no,no,no
wpn_srm1216_fire_npc,raw\sound\wpn\shotgun\srm1216\plr\shot\wpn_srm1216_fire.LN65.pc.snd,wpn_srm1216_npc_LFE,loaded,bus_fx,grp_weapon,snp_wpn_3p,,55,0,88,88,900,900,900,cosdelay,alloff,cosdelay,default,6,2,priority,oldest,-88,84,50,90,0.25,0.8,3d,default,nonlooping,,1,0,0,0,0,0.25,no,no,none,0,,no,,,yes,no,no,0,0,yes,no,,0,,no,no,no
wpn_srm1216_fire_npc_pap,raw\sound\wpn\pap\pap_shot_st.LN65.pc.snd,wpn_srm1216_flux_l_npc_pap,loaded,bus_fx,grp_weapon,snp_wpn_3p,,80,0,82,82,75,1250,1250,allon,default,allon,default,10,3,priority,oldest,-100,100,50,90,0.35,1,3d,default,nonlooping,pitch,1,0,0,0,0,0.25,no,no,none,0,,no,,,yes,no,no,0,0,yes,no,,0,,no,no,no
wpn_srm1216_fire_plr,raw\sound\wpn\shotgun\srm1216\plr\shot\wpn_srm1216_fire.LN65.pc.snd,wpn_srm1216_LFE,loaded,bus_fx,grp_weapon,snp_wpn_1p,,65,0,94,94,0,5000,5000,allon,default,allon,default,3,2,oldest,oldest,-100,100,90,90,0.25,1,2d,front_mostly,nonlooping,,1,0,0,0,0,0.25,no,no,none,0,,no,,,yes,no,no,0,0,yes,no,,0,,no,no,no
wpn_srm1216_fire_plr_pap,raw\sound\wpn\pap\pap_shot_st.LN65.pc.snd,wpn_srm1216_flux_l_plr_pap,loaded,bus_hdrfx,grp_weapon,snp_wpn_1p,,70,0,87,87,0,5000,5000,allon,default,allon,default,1,8,oldest,oldest,0,0,90,90,0.25,1,2d,wpn_all,nonlooping,,1,0,0,0,0,0.25,no,no,none,0,,no,,,yes,no,no,0,0,yes,no,,0,,no,no,no
wpn_weap_pickup_npc,raw\sound\fly\pickups\weapon\fly_weapon_pickup_00.LN65.pc.snd,,loaded,bus_fx,grp_foley,snp_foley,,30,0,75,75,75,500,500,allon,default,allon,default,2,1,priority,reject,-50,50,15,30,0.25,1,3d,default,nonlooping,,1,0,25,250,75,0.25,no,yes,none,0,,no,,,yes,no,no,0,0,yes,no,,0,,no,no,no
wpn_weap_pickup_plr,raw\sound\fly\pickups\weapon\fly_weapon_pickup_00.LN65.pc.snd,,loaded,bus_fx,grp_foley,snp_foley,,30,0,75,75,0,5000,5000,allon,default,allon,default,1,8,reject,oldest,-88,84,70,70,0.25,1,2d,front,nonlooping,,1,0,0,0,0,0.25,no,yes,none,0,,no,,,yes,no,no,0,0,yes,no,,0,,no,no,no
wpn_weap_putaway_plr,raw\sound\fly\gear\rattle\fly_cloth_00.LN65.pc.snd,,loaded,bus_fx,grp_foley,snp_foley,,30,0,62,62,0,5000,5000,allon,default,allon,default,3,8,oldest,oldest,-88,84,70,70,0.25,1,2d,wpn_all,nonlooping,,1,10,0,0,0,0.25,no,yes,none,0,,no,,,yes,no,no,0,0,yes,no,,0,,no,no,no
wpn_weap_raise_plr,raw\sound\fly\gear\rattle\fly_cloth_00.LN65.pc.snd,,loaded,bus_fx,grp_foley,snp_foley,,30,0,62,62,0,5000,5000,allon,default,allon,default,3,8,oldest,oldest,-88,84,70,70,0.25,1,2d,wpn_all,nonlooping,,1,10,0,0,0,0.25,no,yes,none,0,,no,,,yes,no,no,0,0,yes,no,,0,,no,no,no
fly_scope_zoom,raw\sound\wpn\scope\zoom\wpn_scope_zoom.LN65.pc.snd,,loaded,bus_fx,grp_foley,snp_never_duck,,30,0,85,85,0,5000,5000,allon,default,allon,default,3,8,oldest,oldest,0,0,70,70,0.25,1,2d,front,nonlooping,,1,0,0,0,0,0.25,no,yes,none,0,,no,,,yes,no,no,0,0,yes,no,,0,,no,no,no
wpn_1911_fire_npc_pap,raw\sound\wpn\pap\pap_shot_st.LN65.pc.snd,wpn_1911_flux_l_npc_pap,loaded,bus_fx,grp_weapon,snp_wpn_3p,,80,0,82,82,75,1250,1250,allon,default,allon,default,10,3,priority,oldest,-100,100,50,90,0.35,1,3d,default,nonlooping,pitch,1,0,0,0,0,0.25,no,no,none,0,,no,,,yes,no,no,0,0,yes,no,,0,,no,no,no
wpn_1911_fire_plr_pap,raw\sound\wpn\pap\pap_shot_st.LN65.pc.snd,wpn_1911_flux_l_plr_pap,loaded,bus_hdrfx,grp_weapon,snp_wpn_1p,,70,0,87,87,0,5000,5000,allon,default,allon,default,1,8,oldest,oldest,0,0,90,90,0.25,1,2d,wpn_all,nonlooping,,1,0,0,0,0,0.25,no,no,none,0,,no,,,yes,no,no,0,0,yes,no,,0,,no,no,no
wpn_870mcs_fire_npc,raw\sound\wpn\shotgun\870mcs\fire\wpn_870mcs_00.LN65.pc.snd,wpn_870mcs_npc_LFE,loaded,bus_fx,grp_weapon,snp_wpn_3p,,55,0,88,88,900,900,900,cosdelay,alloff,cosdelay,default,6,2,priority,oldest,-88,84,50,90,0.25,0.8,3d,default,nonlooping,,1,0,0,0,0,0.25,no,no,none,0,,no,,,yes,no,no,0,0,yes,no,,0,,no,no,no
wpn_870mcs_fire_npc_pap,raw\sound\wpn\pap\pap_shot_st.LN65.pc.snd,wpn_870mcs_flux_l_npc_pap,loaded,bus_fx,grp_weapon,snp_wpn_3p,,80,0,82,82,75,1250,1250,allon,default,allon,default,10,3,priority,oldest,-100,100,50,90,0.35,1,3d,default,nonlooping,pitch,1,0,0,0,0,0.25,no,no,none,0,,no,,,yes,no,no,0,0,yes,no,,0,,no,no,no
wpn_870mcs_fire_plr,raw\sound\wpn\shotgun\870mcs\fire\wpn_870mcs_00.LN65.pc.snd,wpn_870mcs_LFE,loaded,bus_fx,grp_weapon,snp_wpn_1p,,65,0,94,94,0,5000,5000,allon,default,allon,default,8,2,priority,oldest,-100,100,90,90,0.25,1,2d,front_mostly,nonlooping,,1,0,0,0,0,0.25,no,no,none,0,,no,,,yes,no,no,0,0,yes,no,,0,,no,no,no
wpn_870mcs_fire_plr_pap,raw\sound\wpn\pap\pap_shot_st.LN65.pc.snd,wpn_870mcs_flux_l_plr_pap,loaded,bus_hdrfx,grp_weapon,snp_wpn_1p,,70,0,87,87,0,5000,5000,allon,default,allon,default,1,8,oldest,oldest,0,0,90,90,0.25,1,2d,wpn_all,nonlooping,,1,0,0,0,0,0.25,no,no,none,0,,no,,,yes,no,no,0,0,yes,no,,0,,no,no,no
wpn_ak74u_fire_npc,raw\sound\wpn\smg\msmc\shot\wpn_msmc_shot_plr.LN65.pc.snd,wpn_ak74u_fire_npc_dist,loaded,bus_fx,grp_weapon,snp_wpn_3p,,55,0,87,87,900,900,900,cosdelay,alloff,cosdelay,default,8,3,priority,oldest,-150,150,20,90,0.25,0.8,3d,default,nonlooping,variant,1,0,0,0,0,0.25,no,no,none,0,,no,,,yes,no,no,0,0,yes,no,,0,,no,no,no
wpn_ak74u_fire_npc_pap,raw\sound\wpn\pap\pap_shot_st.LN65.pc.snd,wpn_ak74u_flux_l_npc_pap,loaded,bus_fx,grp_weapon,snp_wpn_3p,,80,0,82,82,75,1250,1250,allon,default,allon,default,10,3,priority,oldest,-100,100,50,90,0.35,1,3d,default,nonlooping,pitch,1,0,0,0,0,0.25,no,no,none,0,,no,,,yes,no,no,0,0,yes,no,,0,,no,no,no
wpn_ak74u_fire_plr,raw\sound\wpn\smg\msmc\shot\wpn_msmc_shot_plr.LN65.pc.snd,wpn_ak74u_lfe,loaded,bus_fx,grp_weapon,snp_wpn_1p,,65,0,93,93,0,5000,5000,allon,default,allon,default,2,8,oldest,oldest,-80,80,90,90,0.25,1,2d,front_mostly,nonlooping,,1,0,0,0,0,0.25,no,no,none,0,,no,,,yes,no,no,0,0,yes,no,,0,,no,no,no
wpn_ak74u_fire_plr_pap,raw\sound\wpn\pap\pap_shot_st.LN65.pc.snd,wpn_ak74u_flux_l_plr_pap,loaded,bus_hdrfx,grp_weapon,snp_wpn_1p,,70,0,87,87,0,5000,5000,allon,default,allon,default,1,8,oldest,oldest,0,0,90,90,0.25,1,2d,wpn_all,nonlooping,,1,0,0,0,0,0.25,no,no,none,0,,no,,,yes,no,no,0,0,yes,no,,0,,no,no,no
wpn_barrettm82_fire_npc,raw\sound\wpn\sniper\dsr\npc\shot\wpn_dsr_fire_npc.LN65.pc.snd,wpn_barrettm82_lfe_npc,loaded,bus_fx,grp_weapon,snp_wpn_3p,,65,0,88,88,900,900,901,cosdelay,alloff,cosdelay,default,6,2,priority,oldest,-88,84,20,90,0.25,0.8,3d,default,nonlooping,pitch,1,0,0,0,0,0.25,no,no,none,0,,no,,,yes,no,no,0,0,yes,no,,0,,no,no,no
wpn_barrettm82_fire_npc_pap,raw\sound\wpn\pap\pap_shot_st.LN65.pc.snd,wpn_barrettm82_flux_l_npc_pap,loaded,bus_fx,grp_weapon,snp_wpn_3p,,80,0,82,82,75,1250,1250,allon,default,allon,default,10,3,priority,oldest,-100,100,50,90,0.35,1,3d,default,nonlooping,pitch,1,0,0,0,0,0.25,no,no,none,0,,no,,,yes,no,no,0,0,yes,no,,0,,no,no,no
wpn_barrettm82_fire_plr,raw\sound\wpn\sniper\dsr\plr\shot\wpn_dsr_fire_plr.LN65.pc.snd,wpn_barrettm82_lfe,loaded,bus_fx,grp_weapon,snp_wpn_1p,@d5b16432,70,0,88,88,0,5000,5000,allon,default,allon,default,2,8,oldest,oldest,0,0,90,90,0.25,1,2d,front_mostly,nonlooping,,1,0,0,0,0,0.25,no,no,none,0,,no,,,yes,no,no,0,0,yes,no,,0,,no,no,no
wpn_barrettm82_fire_plr_pap,raw\sound\wpn\pap\pap_shot_st.LN65.pc.snd,wpn_barrettm82_flux_l_plr_pap,loaded,bus_hdrfx,grp_weapon,snp_wpn_1p,,70,0,87,87,0,5000,5000,allon,default,allon,default,1,8,oldest,oldest,0,0,90,90,0.25,1,2d,wpn_all,nonlooping,,1,0,0,0,0,0.25,no,no,none,0,,no,,,yes,no,no,0,0,yes,no,,0,,no,no,no
wpn_beretta93r_fire_npc,raw\sound\wpn\pistol\beretta\plr\shot\wpn_beretta_fire_plr.LN65.pc.snd,wpn_beretta93r_fire_npc_dist,loaded,bus_fx,grp_weapon,snp_wpn_3p,,55,0,85,85,900,900,900,cosdelay,alloff,cosdelay,default,6,2,priority,oldest,-25,25,20,90,0.25,0.8,3d,default,nonlooping,variant,1,0,0,0,0,0.3,no,no,none,0,,no,,,yes,no,no,0,0,yes,no,,0,,no,no,no
wpn_beretta93r_fire_npc_pap,raw\sound\wpn\pap\pap_shot_st.LN65.pc.snd,wpn_beretta93r_flux_l_npc_pap,loaded,bus_fx,grp_weapon,snp_wpn_3p,,80,0,82,82,75,1250,1250,allon,default,allon,default,10,3,priority,oldest,-100,100,50,90,0.35,1,3d,default,nonlooping,pitch,1,0,0,0,0,0.25,no,no,none,0,,no,,,yes,no,no,0,0,yes,no,,0,,no,no,no
wpn_beretta93r_fire_plr,raw\sound\wpn\pistol\beretta\plr\shot\wpn_beretta_fire_plr.LN65.pc.snd,wpn_beretta93r_LFE,loaded,bus_fx,grp_weapon,snp_wpn_1p,@ce86373b,65,0,90,90,0,5000,5000,allon,default,allon,default,2,8,oldest,oldest,-25,25,90,90,0.25,1,2d,front_mostly,nonlooping,,1,0,0,0,0,0.25,no,no,none,0,,no,,,yes,no,no,0,0,yes,no,,0,,no,no,no
wpn_beretta93r_fire_plr_burst,raw\sound\wpn\pistol\beretta\plr\shot\wpn_beretta_fire_plr_burst.LN65.pc.snd,,loaded,bus_fx,grp_weapon,snp_wpn_1p,@ce86373b,65,0,90,90,0,5000,5000,allon,default,allon,default,2,8,oldest,oldest,-25,25,90,90,0.25,1,2d,front_mostly,nonlooping,,1,0,0,0,0,0.25,no,no,none,0,,no,,,yes,no,no,0,0,yes,no,,0,,no,no,no
wpn_beretta93r_fire_plr_pap,raw\sound\wpn\pap\pap_shot_st.LN65.pc.snd,wpn_beretta93r_flux_l_plr_pap,loaded,bus_hdrfx,grp_weapon,snp_wpn_1p,,70,0,87,87,0,5000,5000,allon,default,allon,default,1,8,oldest,oldest,0,0,90,90,0.25,1,2d,wpn_all,nonlooping,,1,0,0,0,0,0.25,no,no,none,0,,no,,,yes,no,no,0,0,yes,no,,0,,no,no,no
wpn_beretta93r_LFE,raw\sound\wpn\smg\mp7\plr\lfe\wpn_mp7_fire_lfe.LN65.pc.snd,wpn_beretta93r_fire_plr_decay,loaded,bus_hdrfx,grp_wpn_lfe,snp_wpn_1p,,0,0,86,86,0,5000,5000,allon,default,allon,default,2,2,priority,oldest,0,0,85,90,0.25,1,2d,lfe,nonlooping,,1,0,0,0,0,0.25,no,no,none,0,,no,,,no,no,no,0,0,yes,no,,0,,no,no,no
wpn_dsr50_fire_npc,raw\sound\wpn\sniper\dsr\plr\shot\wpn_dsr_fire_plr.LN65.pc.snd,wpn_dsr50_lfe_npc,loaded,bus_fx,grp_weapon,snp_wpn_3p,@934dbb8c,65,0,92,92,900,900,901,cosdelay,alloff,cosdelay,default,6,2,priority,oldest,-88,84,20,90,0.25,0.8,3d,default,nonlooping,pitch,1,0,0,0,0,0.25,no,no,none,0,,no,,,yes,no,no,0,0,yes,no,,0,,no,no,no
wpn_dsr50_fire_npc_pap,raw\sound\wpn\pap\pap_shot_st.LN65.pc.snd,wpn_dsr50_flux_l_npc_pap,loaded,bus_fx,grp_weapon,snp_wpn_3p,,80,0,82,82,75,1250,1250,allon,default,allon,default,10,3,priority,oldest,-100,100,50,90,0.35,1,3d,default,nonlooping,pitch,1,0,0,0,0,0.25,no,no,none,0,,no,,,yes,no,no,0,0,yes,no,,0,,no,no,no
wpn_dsr50_fire_plr,raw\sound\wpn\sniper\dsr\plr\shot\wpn_dsr_fire_plr.LN65.pc.snd,wpn_dsr50_lfe,loaded,bus_fx,grp_weapon,snp_wpn_1p,@d5b16432,50,0,94,94,0,5000,5000,allon,default,allon,default,2,8,oldest,oldest,0,0,90,90,0.25,1,2d,quad,nonlooping,,1,0,0,0,0,0.25,no,no,none,0,,no,,,yes,no,no,0,0,yes,no,,0,,no,no,no
wpn_dsr50_fire_plr_pap,raw\sound\wpn\pap\pap_shot_st.LN65.pc.snd,wpn_dsr50_flux_l_plr_pap,loaded,bus_hdrfx,grp_weapon,snp_wpn_1p,,70,0,87,87,0,5000,5000,allon,default,allon,default,1,8,oldest,oldest,0,0,90,90,0.25,1,2d,wpn_all,nonlooping,,1,0,0,0,0,0.25,no,no,none,0,,no,,,yes,no,no,0,0,yes,no,,0,,no,no,no
wpn_fiveseven_dryfire_npc,raw\sound\wpn\smg\dry_fire\plr\dry_fire_plr.LN65.pc.snd,,loaded,bus_fx,grp_weapon,snp_wpn_3p,,55,0,85,85,900,900,900,cosdelay,alloff,cosdelay,default,6,2,priority,oldest,-281,281,20,90,0.25,0.8,3d,default,nonlooping,,1,0,0,0,0,0.25,no,no,none,0,,no,,,yes,no,no,0,0,yes,no,,0,,no,no,no
wpn_fiveseven_dryfire_plr,raw\sound\wpn\smg\dry_fire\plr\dry_fire_plr.LN65.pc.snd,,loaded,bus_fx,grp_weapon,snp_wpn_1p,,65,0,90,90,0,5000,5000,allon,default,allon,default,2,8,oldest,oldest,0,0,90,90,0.25,1,2d,front_mostly,nonlooping,,1,0,0,0,0,0.25,no,no,none,0,,no,,,yes,no,no,0,0,yes,no,,0,,no,no,no
wpn_fiveseven_fire_npc,raw\sound\wpn\pistol\fiveseven\plr\shot\wpn_fiveseven_shot_plr.LN65.pc.snd,wpn_fiveseven_LFE_npc,loaded,bus_fx,grp_weapon,snp_wpn_3p,,55,0,85,85,900,900,900,cosdelay,alloff,cosdelay,default,6,2,priority,oldest,-281,281,20,90,0.25,0.8,3d,default,nonlooping,,1,0,0,0,0,0.25,no,no,none,0,,no,,,yes,no,no,0,0,yes,no,,0,,no,no,no
wpn_fiveseven_fire_npc_pap,raw\sound\wpn\pap\pap_shot_st.LN65.pc.snd,wpn_fiveseven_flux_l_npc_pap,loaded,bus_fx,grp_weapon,snp_wpn_3p,,80,0,82,82,75,1250,1250,allon,default,allon,default,10,3,priority,oldest,-100,100,50,90,0.35,1,3d,default,nonlooping,pitch,1,0,0,0,0,0.25,no,no,none,0,,no,,,yes,no,no,0,0,yes,no,,0,,no,no,no
wpn_fiveseven_fire_plr,raw\sound\wpn\pistol\fiveseven\plr\shot\wpn_fiveseven_shot_plr.LN65.pc.snd,wpn_fiveseven_LFE,loaded,bus_fx,grp_weapon,snp_wpn_1p,@ce86373b,65,0,90,90,0,5000,5000,allon,default,allon,default,2,8,oldest,oldest,-25,25,90,90,0.25,1,2d,front_mostly,nonlooping,,1,0,0,0,0,0.25,no,no,none,0,,no,,,yes,no,no,0,0,yes,no,,0,,no,no,no
wpn_fiveseven_fire_plr_lh,raw\sound\wpn\pistol\fiveseven\plr\shot\wpn_fiveseven_shot_plr.LN65.pc.snd,wpn_fiveseven_LFE,loaded,bus_fx,grp_weapon,snp_wpn_1p,@ce86373b,65,0,90,90,0,5000,5000,allon,default,allon,default,2,8,oldest,oldest,0,0,90,90,0.25,1,2d,wpn_left,nonlooping,,1,0,0,0,0,0.25,no,no,none,0,,no,,,yes,no,no,0,0,yes,no,,0,,no,no,no
wpn_fiveseven_fire_plr_pap,raw\sound\wpn\pap\pap_shot_st.LN65.pc.snd,wpn_fiveseven_flux_l_plr_pap,loaded,bus_hdrfx,grp_weapon,snp_wpn_1p,,70,0,87,87,0,5000,5000,allon,default,allon,default,1,8,oldest,oldest,0,0,90,90,0.25,1,2d,wpn_all,nonlooping,,1,0,0,0,0,0.25,no,no,none,0,,no,,,yes,no,no,0,0,yes,no,,0,,no,no,no
wpn_fiveseven_fire_plr_rh,raw\sound\wpn\pistol\fiveseven\plr\shot\wpn_fiveseven_shot_plr.LN65.pc.snd,wpn_fiveseven_LFE,loaded,bus_fx,grp_weapon,snp_wpn_1p,@ce86373b,65,0,90,90,0,5000,5000,allon,default,allon,default,2,8,oldest,oldest,0,0,90,90,0.25,1,2d,wpn_right,nonlooping,,1,0,0,0,0,0.25,no,no,none,0,,no,,,yes,no,no,0,0,yes,no,,0,,no,no,no
wpn_fnfal_fire_npc,raw\sound\wpn\sniper\svt\shot\wpn_svt_fire_plr.LN65.pc.snd,wpn_fnfal_LFE_npc,loaded,bus_fx,grp_weapon,snp_wpn_3p,,55,0,82,82,900,900,901,cosdelay,alloff,cosdelay,default,8,2,priority,oldest,-25,25,40,90,0.25,0.8,3d,default,nonlooping,,1,0,0,0,0,0.25,no,no,none,0,,no,,,yes,no,no,0,0,yes,no,,0,,no,no,no
wpn_fnfal_fire_npc_pap,raw\sound\wpn\pap\pap_shot_st.LN65.pc.snd,wpn_fnfal_flux_l_npc_pap,loaded,bus_fx,grp_weapon,snp_wpn_3p,,80,0,82,82,75,1250,1250,allon,default,allon,default,10,3,priority,oldest,-100,100,50,90,0.35,1,3d,default,nonlooping,pitch,1,0,0,0,0,0.25,no,no,none,0,,no,,,yes,no,no,0,0,yes,no,,0,,no,no,no
wpn_fnfal_fire_plr,raw\sound\wpn\sniper\svt\shot\wpn_svt_fire_plr.LN65.pc.snd,wpn_fnfal_lfe,loaded,bus_fx,grp_weapon,snp_wpn_1p,,65,0,93,93,0,5000,5000,allon,default,allon,default,3,8,oldest,oldest,-50,50,90,90,0.25,1,2d,front_mostly,nonlooping,,1,0,0,0,0,0.25,no,no,none,0,,no,,,yes,no,no,0,0,yes,no,,0,,no,no,no
wpn_fnfal_fire_plr_pap,raw\sound\wpn\pap\pap_shot_st.LN65.pc.snd,wpn_fnfal_flux_l_plr_pap,loaded,bus_hdrfx,grp_weapon,snp_wpn_1p,,70,0,87,87,0,5000,5000,allon,default,allon,default,1,8,oldest,oldest,0,0,90,90,0.25,1,2d,wpn_all,nonlooping,,1,0,0,0,0,0.25,no,no,none,0,,no,,,yes,no,no,0,0,yes,no,,0,,no,no,no
wpn_galil_fire_npc,raw\sound\wpn\assault\type95\plr\shot\wpn_type95_shot_plr.LN65.pc.snd,wpn_galil_LFE_npc,loaded,bus_fx,grp_weapon,snp_wpn_3p,,55,0,82,82,900,900,901,cosdelay,alloff,cosdelay,default,8,2,priority,oldest,-125,125,40,90,0.25,0.8,3d,default,nonlooping,,1,0,0,0,0,0.25,no,no,none,0,,no,,,yes,no,no,0,0,yes,no,,0,,no,no,no
wpn_galil_fire_npc_pap,raw\sound\wpn\pap\pap_shot_st.LN65.pc.snd,wpn_galil_flux_l_npc_pap,loaded,bus_fx,grp_weapon,snp_wpn_3p,,80,0,82,82,75,1250,1250,allon,default,allon,default,10,3,priority,oldest,-100,100,50,90,0.35,1,3d,default,nonlooping,pitch,1,0,0,0,0,0.25,no,no,none,0,,no,,,yes,no,no,0,0,yes,no,,0,,no,no,no
wpn_galil_fire_plr,raw\sound\wpn\assault\type95\plr\shot\wpn_type95_shot_plr.LN65.pc.snd,wpn_galil_lfe,loaded,bus_fx,grp_weapon,snp_wpn_1p,,65,0,93,93,0,5000,5000,allon,default,allon,default,3,8,oldest,oldest,-25,25,90,90,0.25,1,2d,front_mostly,nonlooping,,1,0,0,0,0,0.25,no,no,none,0,,no,,,yes,no,no,0,0,yes,no,,0,,no,no,no
wpn_galil_fire_plr_pap,raw\sound\wpn\pap\pap_shot_st.LN65.pc.snd,wpn_galil_flux_l_plr_pap,loaded,bus_hdrfx,grp_weapon,snp_wpn_1p,,70,0,87,87,0,5000,5000,allon,default,allon,default,1,8,oldest,oldest,0,0,90,90,0.25,1,2d,wpn_all,nonlooping,,1,0,0,0,0,0.25,no,no,none,0,,no,,,yes,no,no,0,0,yes,no,,0,,no,no,no
wpn_hamr_fire_npc,raw\sound\wpn\lmg\hamr\shot\wpn_hamr_shot_plr.LN65.pc.snd,wpn_hamr_LFE_npc,loaded,bus_fx,grp_weapon,snp_wpn_3p,,70,0,85,85,900,900,901,cosdelay,alloff,cosdelay,default,8,2,priority,oldest,-25,25,50,90,0.25,0.8,3d,default,nonlooping,pitch,1,0,0,0,0,0.25,no,no,none,0,,no,,,yes,no,no,0,0,yes,no,,0,,no,no,no
wpn_hamr_fire_npc_pap,raw\sound\wpn\pap\pap_shot_st.LN65.pc.snd,wpn_hamr_flux_l_npc_pap,loaded,bus_fx,grp_weapon,snp_wpn_3p,,80,0,82,82,75,1250,1250,allon,default,allon,default,10,3,priority,oldest,-100,100,50,90,0.35,1,3d,default,nonlooping,pitch,1,0,0,0,0,0.25,no,no,none,0,,no,,,yes,no,no,0,0,yes,no,,0,,no,no,no
wpn_hamr_fire_plr,raw\sound\wpn\lmg\hamr\shot\wpn_hamr_shot_plr.LN65.pc.snd,wpn_hamr_lfe,loaded,bus_fx,grp_weapon,snp_wpn_1p,@ce86373b,70,0,93,93,0,5000,5000,allon,default,allon,default,2,8,oldest,oldest,-25,25,90,90,0.25,1,2d,front_mostly,nonlooping,,1,0,0,0,0,0.25,no,no,none,0,,no,,,yes,no,no,0,0,yes,no,,0,,no,no,no
wpn_hamr_fire_plr_pap,raw\sound\wpn\pap\pap_shot_st.LN65.pc.snd,wpn_hamr_flux_l_plr_pap,loaded,bus_hdrfx,grp_weapon,snp_wpn_1p,,70,0,87,87,0,5000,5000,allon,default,allon,default,1,8,oldest,oldest,0,0,90,90,0.25,1,2d,wpn_all,nonlooping,,1,0,0,0,0,0.25,no,no,none,0,,no,,,yes,no,no,0,0,yes,no,,0,,no,no,no
wpn_jetgun_effect_plr_end,raw\sound\wpn\jetgun\jetgun_off.LN65.pc.snd,,loaded,bus_hdrfx,grp_hdrfx,snp_hdrfx,@ce86373b,60,0,85,85,450,1775,1775,allon,default,allon,default,8,1,priority,oldest,0,0,95,100,0.25,1,3d,default,nonlooping,,1,0,45,75,100,0,no,no,none,0,,no,,,yes,no,no,0,0,yes,no,,0,,no,no,no
wpn_jetgun_effect_plr_loop,raw\sound\wpn\jetgun\jetgun_loop_fnt.LL65.pc.snd,wpn_jetgun_effect_plr_loop_2,loaded,bus_hdrfx,grp_hdrfx,snp_hdrfx,@ce86373b,60,0,85,85,500,1500,2000,allon,default,allon,default,8,1,priority,reject,0,0,95,100,0.25,1,3d,default,looping,,1,0,45,75,100,0,no,no,none,0,,no,,,yes,no,no,800,0,yes,no,,0,,no,no,no
wpn_jetgun_effect_plr_start,raw\sound\wpn\jetgun\jetgun_on.LN65.pc.snd,,loaded,bus_hdrfx,grp_hdrfx,snp_hdrfx,@ce86373b,60,0,85,85,500,1500,2000,allon,default,allon,default,8,1,priority,oldest,0,0,95,100,0.25,1,3d,default,nonlooping,,1,0,45,75,100,0,no,no,none,0,,no,,,yes,no,no,0,0,yes,no,,0,,no,no,no
wpn_jetgun_fire_npc_end,raw\sound\wpn\jetgun\rattle\jetgun_rattle_stop.LN65.pc.snd,,loaded,bus_hdrfx,grp_weapon,snp_wpn_3p,@ce86373b,75,0,84,84,750,2500,2500,cosdelay,alloff,cosdelay,default,8,1,priority,oldest,-100,100,50,90,0.25,0.8,3d,default,nonlooping,pitch,1,0,125,375,88,0.25,no,no,none,0,,no,,,yes,no,no,0,0,yes,no,,0,,no,no,no
wpn_jetgun_fire_npc_loop,raw\sound\wpn\jetgun\rattle\jetgun_rattle_loop.LL65.pc.snd,,loaded,bus_hdrfx,grp_weapon,snp_wpn_3p,@ce86373b,75,0,84,84,750,2500,2500,cosdelay,alloff,cosdelay,default,8,1,priority,reject,-100,100,50,90,0.25,0.8,3d,default,looping,pitch,1,0,125,375,88,0.25,no,no,none,0,,no,,,yes,no,no,1500,400,yes,no,,0,,no,no,no
wpn_jetgun_fire_npc_start,raw\sound\wpn\jetgun\rattle\jetgun_rattle_start.LN65.pc.snd,,loaded,bus_hdrfx,grp_weapon,snp_wpn_3p,@ce86373b,75,0,84,84,750,2500,2500,cosdelay,alloff,cosdelay,default,8,1,priority,oldest,-100,100,50,90,0.25,0.8,3d,default,nonlooping,pitch,1,0,125,375,88,0.25,no,no,none,0,,no,,,yes,no,no,0,0,yes,no,,0,,no,no,no
wpn_jetgun_fire_plr_end,raw\sound\wpn\jetgun\rattle\jetgun_rattle_stop.LN65.pc.snd,,loaded,bus_hdrfx,grp_weapon,snp_wpn_1p,@ce86373b,70,0,87,87,0,5000,5000,allon,default,allon,default,1,8,oldest,oldest,0,0,90,90,0.25,1,2d,front_mostly,nonlooping,,1,0,0,0,0,0.25,no,no,none,0,,no,,,yes,no,no,0,0,yes,no,,0,,no,no,no
wpn_jetgun_fire_plr_loop,raw\sound\wpn\jetgun\rattle\jetgun_rattle_loop.LL65.pc.snd,,loaded,bus_hdrfx,grp_weapon,snp_wpn_1p,@ce86373b,70,0,87,87,0,5000,5000,allon,default,allon,default,1,8,reject,oldest,0,0,90,90,0.25,1,2d,front_mostly,looping,,1,0,0,0,0,0.25,no,no,none,0,,no,,,yes,no,no,1500,400,yes,no,,0,,no,no,no
wpn_jetgun_fire_plr_start,raw\sound\wpn\jetgun\rattle\jetgun_rattle_start.LN65.pc.snd,,loaded,bus_hdrfx,grp_weapon,snp_wpn_1p,@ce86373b,70,0,87,87,0,5000,5000,allon,default,allon,default,1,8,oldest,oldest,0,0,90,90,0.25,1,2d,front_mostly,nonlooping,,1,0,0,0,0,0.25,no,no,none,0,,no,,,yes,no,no,0,0,yes,no,,0,,no,no,no
wpn_judge_fire_npc_pap,raw\sound\wpn\pap\pap_shot_st.LN65.pc.snd,wpn_judge_flux_l_npc_pap,loaded,bus_fx,grp_weapon,snp_wpn_3p,,80,0,82,82,75,1250,1250,allon,default,allon,default,10,3,priority,oldest,-100,100,50,90,0.35,1,3d,default,nonlooping,pitch,1,0,0,0,0,0.25,no,no,none,0,,no,,,yes,no,no,0,0,yes,no,,0,,no,no,no
wpn_judge_fire_plr_pap,raw\sound\wpn\pap\pap_shot_st.LN65.pc.snd,wpn_judge_flux_l_plr_pap,loaded,bus_hdrfx,grp_weapon,snp_wpn_1p,,70,0,87,87,0,5000,5000,allon,default,allon,default,1,8,oldest,oldest,0,0,90,90,0.25,1,2d,wpn_all,nonlooping,,1,0,0,0,0,0.25,no,no,none,0,,no,,,yes,no,no,0,0,yes,no,,0,,no,no,no
wpn_kard_fire_npc_pap,raw\sound\wpn\pap\pap_shot_st.LN65.pc.snd,wpn_kard_flux_l_npc_pap,loaded,bus_fx,grp_weapon,snp_wpn_3p,,80,0,82,82,75,1250,1250,allon,default,allon,default,10,3,priority,oldest,-100,100,50,90,0.35,1,3d,default,nonlooping,pitch,1,0,0,0,0,0.25,no,no,none,0,,no,,,yes,no,no,0,0,yes,no,,0,,no,no,no
wpn_kard_fire_plr_pap,raw\sound\wpn\pap\pap_shot_st.LN65.pc.snd,wpn_kard_flux_l_plr_pap,loaded,bus_hdrfx,grp_weapon,snp_wpn_1p,,70,0,87,87,0,5000,5000,allon,default,allon,default,1,8,oldest,oldest,0,0,90,90,0.25,1,2d,wpn_all,nonlooping,,1,0,0,0,0,0.25,no,no,none,0,,no,,,yes,no,no,0,0,yes,no,,0,,no,no,no
wpn_lsat_fire_npc,raw\sound\wpn\lmg\lsat\plr\shot\wpn_lsat_shot_plr.LN65.pc.snd,wpn_lsat_LFE_npc,loaded,bus_fx,grp_weapon,snp_wpn_3p,,70,0,85,85,900,900,901,cosdelay,alloff,cosdelay,default,8,2,priority,oldest,-25,25,50,90,0.25,0.8,3d,default,nonlooping,pitch,1,0,0,0,0,0.25,no,no,none,0,,no,,,yes,no,no,0,0,yes,no,,0,,no,no,no
wpn_lsat_fire_plr,raw\sound\wpn\lmg\lsat\plr\shot\wpn_lsat_shot_plr.LN65.pc.snd,wpn_lsat_lfe,loaded,bus_fx,grp_weapon,snp_wpn_1p,@ce86373b,70,0,93,93,0,5000,5000,allon,default,allon,default,2,8,oldest,oldest,-25,25,90,90,0.25,1,2d,front_mostly,nonlooping,,1,0,0,0,0,0.25,no,no,none,0,,no,,,yes,no,no,0,0,yes,no,,0,,no,no,no
wpn_lsat_fire_plr_pap,raw\sound\wpn\pap\pap_shot_st.LN65.pc.snd,wpn_lsat_flux_l_plr_pap,loaded,bus_hdrfx,grp_weapon,snp_wpn_1p,,70,0,87,87,0,5000,5000,allon,default,allon,default,1,8,oldest,oldest,0,0,90,90,0.25,1,2d,wpn_all,nonlooping,,1,0,0,0,0,0.25,no,no,none,0,,no,,,yes,no,no,0,0,yes,no,,0,,no,no,no
wpn_m14_fire_npc,raw\sound\wpn\assault\sa58\plr\shot\wpn_sa58_shot_plr.LN65.pc.snd,wpn_m14_LFE_npc,loaded,bus_fx,grp_weapon,snp_wpn_3p,,55,0,82,82,900,900,901,cosdelay,alloff,cosdelay,default,8,2,priority,oldest,-50,50,40,90,0.25,0.8,3d,default,nonlooping,,1,0,0,0,0,0.25,no,no,none,0,,no,,,yes,no,no,0,0,yes,no,,0,,no,no,no
wpn_m14_fire_npc_pap,raw\sound\wpn\pap\pap_shot_st.LN65.pc.snd,wpn_m14_flux_l_npc_pap,loaded,bus_fx,grp_weapon,snp_wpn_3p,,80,0,82,82,75,1250,1250,allon,default,allon,default,10,3,priority,oldest,-100,100,50,90,0.35,1,3d,default,nonlooping,pitch,1,0,0,0,0,0.25,no,no,none,0,,no,,,yes,no,no,0,0,yes,no,,0,,no,no,no
wpn_m14_fire_plr,raw\sound\wpn\assault\sa58\plr\shot\wpn_sa58_shot_plr.LN65.pc.snd,wpn_m14_LFE,loaded,bus_fx,grp_weapon,snp_wpn_1p,,65,0,96,96,0,5000,5000,allon,default,allon,default,3,8,oldest,oldest,-50,50,90,90,0.25,1,2d,front_mostly,nonlooping,,1,0,0,0,0,0.25,no,no,none,0,,no,,,yes,no,no,0,0,yes,no,,0,,no,no,no
wpn_m14_fire_plr_pap,raw\sound\wpn\pap\pap_shot_st.LN65.pc.snd,wpn_m14_flux_l_plr_pap,loaded,bus_hdrfx,grp_weapon,snp_wpn_1p,,70,0,87,87,0,5000,5000,allon,default,allon,default,1,8,oldest,oldest,0,0,90,90,0.25,1,2d,wpn_all,nonlooping,,1,0,0,0,0,0.25,no,no,none,0,,no,,,yes,no,no,0,0,yes,no,,0,,no,no,no
wpn_m16_fire_npc,raw\sound\wpn\assault\m27\plr\shot\wpn_m27_shot_plr.LN65.pc.snd,wpn_m16_LFE_npc,loaded,bus_fx,grp_weapon,snp_wpn_3p,,55,0,82,82,900,900,901,cosdelay,alloff,cosdelay,default,8,2,priority,oldest,-25,25,40,90,0.25,0.8,3d,default,nonlooping,,1,0,0,0,0,0.25,no,no,none,0,,no,,,yes,no,no,0,0,yes,no,,0,,no,no,no
wpn_m16_fire_npc_pap,raw\sound\wpn\pap\pap_shot_st.LN65.pc.snd,wpn_m16_flux_l_npc_pap,loaded,bus_fx,grp_weapon,snp_wpn_3p,,80,0,82,82,75,1250,1250,allon,default,allon,default,10,3,priority,oldest,-100,100,50,90,0.35,1,3d,default,nonlooping,pitch,1,0,0,0,0,0.25,no,no,none,0,,no,,,yes,no,no,0,0,yes,no,,0,,no,no,no
wpn_m16_fire_plr,raw\sound\wpn\assault\m27\plr\shot\wpn_m27_shot_plr.LN65.pc.snd,wpn_m16_lfe,loaded,bus_fx,grp_weapon,snp_wpn_1p,,65,0,93,93,0,5000,5000,allon,default,allon,default,3,8,oldest,oldest,-25,25,90,90,0.25,1,2d,front_mostly,nonlooping,,1,0,0,0,0,0.25,no,no,none,0,,no,,,yes,no,no,0,0,yes,no,,0,,no,no,no
wpn_m16_fire_plr_pap,raw\sound\wpn\pap\pap_shot_st.LN65.pc.snd,wpn_m16_flux_l_plr_pap,loaded,bus_hdrfx,grp_weapon,snp_wpn_1p,,70,0,87,87,0,5000,5000,allon,default,allon,default,1,8,oldest,oldest,0,0,90,90,0.25,1,2d,wpn_all,nonlooping,,1,0,0,0,0,0.25,no,no,none,0,,no,,,yes,no,no,0,0,yes,no,,0,,no,no,no
wpn_m32_fire_npc,raw\sound\wpn\gren_launcher\china_lake\plr\shot\shot_00.LN65.pc.snd,,loaded,bus_fx,grp_weapon,snp_wpn_3p,,55,0,82,82,900,900,901,cosdelay,alloff,cosdelay,default,8,3,priority,oldest,-300,200,40,90,0.25,0.8,3d,default,nonlooping,,1,0,0,0,0,0.25,no,no,none,0,,no,,,yes,no,no,0,0,yes,no,,0,,no,no,no
wpn_m32_fire_npc_pap,raw\sound\wpn\pap\pap_shot_st.LN65.pc.snd,wpn_m32_flux_l_npc_pap,loaded,bus_fx,grp_weapon,snp_wpn_3p,,80,0,82,82,75,1250,1250,allon,default,allon,default,10,3,priority,oldest,-100,100,50,90,0.35,1,3d,default,nonlooping,pitch,1,0,0,0,0,0.25,no,no,none,0,,no,,,yes,no,no,0,0,yes,no,,0,,no,no,no
wpn_m32_fire_plr,raw\sound\wpn\grenade_launcher\gas\plr\shot\wpn_m32_fire_plr_00.LN65.pc.snd,wpn_m32_bass_swt,loaded,bus_fx,grp_weapon,snp_wpn_1p,,65,0,90,90,0,5000,5000,allon,default,allon,default,3,8,oldest,oldest,0,0,90,90,0.25,1,2d,front_mostly,nonlooping,,1,0,0,0,0,0.25,no,no,none,0,,no,,,yes,no,no,0,0,yes,no,,0,,no,no,no
wpn_m32_fire_plr_pap,raw\sound\wpn\pap\pap_shot_st.LN65.pc.snd,wpn_m32_flux_l_plr_pap,loaded,bus_hdrfx,grp_weapon,snp_wpn_1p,,70,0,87,87,0,5000,5000,allon,default,allon,default,1,8,oldest,oldest,0,0,90,90,0.25,1,2d,wpn_all,nonlooping,,1,0,0,0,0,0.25,no,no,none,0,,no,,,yes,no,no,0,0,yes,no,,0,,no,no,no
wpn_mp5k_fire_npc,raw\sound\wpn\smg\mp7\plr\shot\wpn_mp7_shot_plr.LN65.pc.snd,wpn_mp5k_fire_npc_dist,loaded,bus_fx,grp_weapon,snp_wpn_3p,,55,0,87,87,900,900,900,cosdelay,alloff,cosdelay,default,8,3,priority,oldest,-150,150,20,90,0.25,0.8,3d,default,nonlooping,variant,1,0,0,0,0,0.25,no,no,none,0,,no,,,yes,no,no,0,0,yes,no,,0,,no,no,no
wpn_mp5k_fire_npc_pap,raw\sound\wpn\pap\pap_shot_st.LN65.pc.snd,wpn_mp5k_flux_l_npc_pap,loaded,bus_fx,grp_weapon,snp_wpn_3p,,80,0,82,82,75,1250,1250,allon,default,allon,default,10,3,priority,oldest,-100,100,50,90,0.35,1,3d,default,nonlooping,pitch,1,0,0,0,0,0.25,no,no,none,0,,no,,,yes,no,no,0,0,yes,no,,0,,no,no,no
wpn_mp5k_fire_plr,raw\sound\wpn\smg\mp7\plr\shot\wpn_mp7_shot_plr.LN65.pc.snd,wpn_mp5k_LFE,loaded,bus_fx,grp_weapon,snp_wpn_1p,,65,0,93,93,0,5000,5000,allon,default,allon,default,2,8,oldest,oldest,-80,80,90,90,0.25,1,2d,front_mostly,nonlooping,,1,0,0,0,0,0.25,no,no,none,0,,no,,,yes,no,no,0,0,yes,no,,0,,no,no,no
wpn_mp5k_fire_plr_pap,raw\sound\wpn\pap\pap_shot_st.LN65.pc.snd,wpn_mp5k_flux_l_plr_pap,loaded,bus_hdrfx,grp_weapon,snp_wpn_1p,,70,0,87,87,0,5000,5000,allon,default,allon,default,1,8,oldest,oldest,0,0,90,90,0.25,1,2d,wpn_all,nonlooping,,1,0,0,0,0,0.25,no,no,none,0,,no,,,yes,no,no,0,0,yes,no,,0,,no,no,no
wpn_python_fire_npc,raw\sound\wpn\pistol\357\shot\plr\wpn_357_fire_plr.LN65.pc.snd,wpn_python_LFE_npc,loaded,bus_fx,grp_weapon,snp_wpn_3p,,55,0,85,85,900,900,900,cosdelay,alloff,cosdelay,default,6,2,priority,oldest,-281,281,20,90,0.25,0.8,3d,default,nonlooping,,1,0,0,0,0,0.3,no,no,none,0,,no,,,yes,no,no,0,0,yes,no,,0,,no,no,no
wpn_python_fire_npc_pap,raw\sound\wpn\pap\pap_shot_st.LN65.pc.snd,wpn_python_flux_l_npc_pap,loaded,bus_fx,grp_weapon,snp_wpn_3p,,80,0,82,82,75,1250,1250,allon,default,allon,default,10,3,priority,oldest,-100,100,50,90,0.35,1,3d,default,nonlooping,pitch,1,0,0,0,0,0.25,no,no,none,0,,no,,,yes,no,no,0,0,yes,no,,0,,no,no,no
wpn_python_fire_plr,raw\sound\wpn\pistol\357\shot\plr\wpn_357_fire_plr.LN65.pc.snd,wpn_python_LFE,loaded,bus_fx,grp_weapon,snp_wpn_1p,,65,0,90,90,0,5000,5000,allon,default,allon,default,2,8,oldest,oldest,0,0,90,90,0.25,1,2d,front_mostly,nonlooping,,1,0,0,0,0,0.25,no,no,none,0,,no,,,yes,no,no,0,0,yes,no,,0,,no,no,no
wpn_python_fire_plr_pap,raw\sound\wpn\pap\pap_shot_st.LN65.pc.snd,wpn_python_flux_l_plr_pap,loaded,bus_hdrfx,grp_weapon,snp_wpn_1p,,70,0,87,87,0,5000,5000,allon,default,allon,default,1,8,oldest,oldest,0,0,90,90,0.25,1,2d,wpn_all,nonlooping,,1,0,0,0,0,0.25,no,no,none,0,,no,,,yes,no,no,0,0,yes,no,,0,,no,no,no
wpn_qcw05_fire_npc_pap,raw\sound\wpn\pap\pap_shot_st.LN65.pc.snd,wpn_qcw05_flux_l_npc_pap,loaded,bus_fx,grp_weapon,snp_wpn_3p,,80,0,82,82,75,1250,1250,allon,default,allon,default,10,3,priority,oldest,-100,100,50,90,0.35,1,3d,default,nonlooping,pitch,1,0,0,0,0,0.25,no,no,none,0,,no,,,yes,no,no,0,0,yes,no,,0,,no,no,no
wpn_qcw05_fire_plr_pap,raw\sound\wpn\pap\pap_shot_st.LN65.pc.snd,wpn_qcw05_flux_l_plr_pap,loaded,bus_hdrfx,grp_weapon,snp_wpn_1p,,70,0,87,87,0,5000,5000,allon,default,allon,default,1,8,oldest,oldest,0,0,90,90,0.25,1,2d,wpn_all,nonlooping,,1,0,0,0,0,0.25,no,no,none,0,,no,,,yes,no,no,0,0,yes,no,,0,,no,no,no
wpn_rgun_fire_npc,raw\sound\wpn\energy\raygun\npc\shot\shot_00.LN65.pc.snd,wpn_rgun_fire_act_npc,loaded,bus_fx,grp_weapon,snp_wpn_3p,,80,0,85,85,125,2000,4000,allon,default,rcurve1,default,1,3,oldest,oldest,-34,34,70,90,0.25,1,3d,default,nonlooping,pitch,1,0,0,0,0,0.25,no,no,none,0,,no,,,yes,no,no,0,0,yes,no,,0,,no,no,no
wpn_rgun_fire_plr,raw\sound\wpn\energy\raygun\plr\shot\ray_shot_f.LN65.pc.snd,wpn_rgun_fire_rear_plr,loaded,bus_hdrfx,grp_weapon,snp_wpn_1p,,70,0,85,85,0,5000,5000,allon,default,allon,default,2,8,oldest,oldest,-34,34,90,90,0.25,1,2d,wpn_all,nonlooping,,1,0,0,0,0,0.25,no,no,none,0,,no,,,yes,no,no,0,0,yes,no,,0,,no,no,no
wpn_rgun_loop,raw\sound\wpn\energy\raygun\projectile\loop\wpn_ray_loop.LL65.pc.snd,,loaded,bus_fx,grp_weapon,snp_wpn_3p,,80,0,78,78,150,2000,4000,allon,default,rcurve1,default,10,3,priority,oldest,-34,34,70,90,0.25,1,3d,default,looping,pitch,1,0,0,0,0,0.25,yes,no,none,0,,yes,,,yes,no,no,0,0,yes,no,,0,,no,no,no
wpn_rpd_fire_npc,raw\sound\wpn\lmg\lsat\plr\shot\wpn_lsat_shot_plr.LN65.pc.snd,wpn_rpd_LFE_npc,loaded,bus_fx,grp_weapon,snp_wpn_3p,,70,0,85,85,900,900,901,cosdelay,alloff,cosdelay,default,8,2,priority,oldest,-25,25,50,90,0.25,0.8,3d,default,nonlooping,pitch,1,0,0,0,0,0.25,no,no,none,0,,no,,,yes,no,no,0,0,yes,no,,0,,no,no,no
wpn_rpd_fire_npc_pap,raw\sound\wpn\pap\pap_shot_st.LN65.pc.snd,wpn_rpd_flux_l_npc_pap,loaded,bus_fx,grp_weapon,snp_wpn_3p,,80,0,82,82,75,1250,1250,allon,default,allon,default,10,3,priority,oldest,-100,100,50,90,0.35,1,3d,default,nonlooping,pitch,1,0,0,0,0,0.25,no,no,none,0,,no,,,yes,no,no,0,0,yes,no,,0,,no,no,no
wpn_rpd_fire_plr,raw\sound\wpn\lmg\lsat\plr\shot\wpn_lsat_shot_plr.LN65.pc.snd,wpn_rpd_lfe,loaded,bus_fx,grp_weapon,snp_wpn_1p,@ce86373b,70,0,93,93,0,5000,5000,allon,default,allon,default,2,8,oldest,oldest,-25,25,90,90,0.25,1,2d,front_mostly,nonlooping,,1,0,0,0,0,0.25,no,no,none,0,,no,,,yes,no,no,0,0,yes,no,,0,,no,no,no
wpn_rpd_fire_plr_pap,raw\sound\wpn\pap\pap_shot_st.LN65.pc.snd,wpn_rpd_flux_l_plr_pap,loaded,bus_hdrfx,grp_weapon,snp_wpn_1p,,70,0,87,87,0,5000,5000,allon,default,allon,default,1,8,oldest,oldest,0,0,90,90,0.25,1,2d,wpn_all,nonlooping,,1,0,0,0,0,0.25,no,no,none,0,,no,,,yes,no,no,0,0,yes,no,,0,,no,no,no
wpn_rpg_1straise_npc,raw\sound\fly\heavy_cloth\long\fly_heavy_cloth_long_00.LN65.pc.snd,,loaded,bus_fx,grp_foley,snp_foley,,30,0,75,75,75,500,500,allon,default,allon,default,4,8,priority,oldest,-90,90,15,30,0.25,1,3d,default,nonlooping,,1,0,25,250,75,0.25,no,yes,none,0,,no,,,yes,no,no,0,0,yes,no,,0,,no,no,no
wpn_rpg_1straise_plr,raw\sound\fly\heavy_cloth\long\fly_heavy_cloth_long_00.LN65.pc.snd,,loaded,bus_fx,grp_foley,snp_foley,,30,0,86,89,0,5000,5000,allon,default,allon,default,8,8,priority,oldest,-88,84,70,70,0.25,1,2d,front,nonlooping,,1,0,0,0,0,0.25,no,yes,none,0,,no,,,yes,no,no,0,0,yes,no,,0,,no,no,no
wpn_rpg_dryfire_npc,raw\sound\wpn\lmg\dry_fire\npc\dry_fire_00.LN65.pc.snd,,loaded,bus_fx,grp_weapon,snp_wpn_3p,,0,0,80,80,75,275,275,allon,default,allon,default,8,2,priority,oldest,0,0,10,30,0.25,1,3d,default,nonlooping,,1,0,0,0,0,0.25,no,no,none,0,,no,,,yes,no,no,0,0,yes,no,,0,,no,no,no
wpn_rpg_dryfire_plr,raw\sound\wpn\lmg\dry_fire\plr\dry_fire_00.LN65.pc.snd,,loaded,bus_fx,grp_weapon,snp_wpn_1p,,0,0,80,80,0,5000,5000,allon,default,allon,default,2,8,oldest,oldest,0,0,10,30,0.25,1,2d,front_mostly,nonlooping,,1,0,0,0,0,0.25,no,no,none,0,,no,,,yes,no,no,0,0,yes,no,,0,,no,no,no
wpn_rpg_fire_npc,raw\sound\wpn\rocket\rpg\plr\shot\wpn_rpg_shot_plr.LN65.pc.snd,wpn_rpg_fire_dist_npc,loaded,bus_fx,grp_weapon,snp_wpn_3p,,80,0,88,88,750,750,751,cosdelay,alloff,cosdelay,default,3,3,priority,oldest,-300,200,50,90,0.25,1,3d,default,nonlooping,pitch,1,0,0,0,0,0.2,no,no,none,0,,no,,,yes,no,no,0,0,yes,no,,0,,no,no,no
wpn_rpg_fire_npc_pap,raw\sound\wpn\pap\pap_shot_st.LN65.pc.snd,wpn_rpg_flux_l_npc_pap,loaded,bus_fx,grp_weapon,snp_wpn_3p,,80,0,82,82,75,1250,1250,allon,default,allon,default,10,3,priority,oldest,-100,100,50,90,0.35,1,3d,default,nonlooping,pitch,1,0,0,0,0,0.25,no,no,none,0,,no,,,yes,no,no,0,0,yes,no,,0,,no,no,no
wpn_rpg_fire_plr,raw\sound\wpn\rpg\shot\plr\wpn_rpg_fire_plr.LN65.pc.snd,wpn_rpg_fire_LFE,loaded,bus_fx,grp_weapon,snp_wpn_1p,@e66dfa51,80,0,88,88,0,5000,5000,allon,default,allon,default,1,8,oldest,oldest,0,0,90,90,0.25,1,2d,quad,nonlooping,,1,0,0,0,0,0,no,no,none,0,,no,,,yes,no,no,0,0,yes,no,,0,,no,no,no
wpn_rpg_fire_plr_pap,raw\sound\wpn\pap\pap_shot_st.LN65.pc.snd,wpn_rpg_flux_l_plr_pap,loaded,bus_hdrfx,grp_weapon,snp_wpn_1p,,70,0,87,87,0,5000,5000,allon,default,allon,default,1,8,oldest,oldest,0,0,90,90,0.25,1,2d,wpn_all,nonlooping,,1,0,0,0,0,0.25,no,no,none,0,,no,,,yes,no,no,0,0,yes,no,,0,,no,no,no
wpn_rpg_loop,raw\sound\prj\rocket\rocket_loop.LL65.pc.snd,wpn_rpg_loop_close,loaded,bus_fx,grp_weapon,snp_wpn_3p,,30,0,85,87,50,2250,2500,allon,default,allon,default,8,8,oldest,oldest,300,600,50,90,0.25,1,3d,default,looping,pitch,1,0,25,100,80,0.2,no,no,none,0,,yes,,,yes,no,no,0,0,yes,no,,0,,no,no,no
wpn_saiga12_fire_npc,raw\sound\wpn\shotgun\srm1216\plr\shot\wpn_srm1216_fire.LN65.pc.snd,wpn_saiga12_npc_LFE,loaded,bus_fx,grp_weapon,snp_wpn_3p,,55,0,88,88,900,900,900,cosdelay,alloff,cosdelay,default,6,2,priority,oldest,-88,84,50,90,0.25,0.8,3d,default,nonlooping,,1,0,0,0,0,0.25,no,no,none,0,,no,,,yes,no,no,0,0,yes,no,,0,,no,no,no
wpn_saiga12_fire_npc_pap,raw\sound\wpn\pap\pap_shot_st.LN65.pc.snd,wpn_saiga12_flux_l_npc_pap,loaded,bus_fx,grp_weapon,snp_wpn_3p,,80,0,82,82,75,1250,1250,allon,default,allon,default,10,3,priority,oldest,-100,100,50,90,0.35,1,3d,default,nonlooping,pitch,1,0,0,0,0,0.25,no,no,none,0,,no,,,yes,no,no,0,0,yes,no,,0,,no,no,no
wpn_saiga12_fire_plr,raw\sound\wpn\shotgun\srm1216\plr\shot\wpn_srm1216_fire.LN65.pc.snd,wpn_saiga12_LFE,loaded,bus_fx,grp_weapon,snp_wpn_1p,,65,0,94,94,0,5000,5000,allon,default,allon,default,8,2,priority,oldest,-100,100,90,90,0.25,1,2d,front_mostly,nonlooping,,1,0,0,0,0,0.25,no,no,none,0,,no,,,yes,no,no,0,0,yes,no,,0,,no,no,no
wpn_saiga12_fire_plr_pap,raw\sound\wpn\pap\pap_shot_st.LN65.pc.snd,wpn_saiga12_flux_l_plr_pap,loaded,bus_hdrfx,grp_weapon,snp_wpn_1p,,70,0,87,87,0,5000,5000,allon,default,allon,default,1,8,oldest,oldest,0,0,90,90,0.25,1,2d,wpn_all,nonlooping,,1,0,0,0,0,0.25,no,no,none,0,,no,,,yes,no,no,0,0,yes,no,,0,,no,no,no
wpn_saritch_fire_npc,raw\sound\wpn\assault\saritch\plr\shot\wpn_saritch_shot_plr.LN65.pc.snd,wpn_saritch_LFE_npc,loaded,bus_fx,grp_weapon,snp_wpn_3p,,55,0,82,82,900,900,901,cosdelay,alloff,cosdelay,default,8,2,priority,oldest,-25,25,40,90,0.25,0.8,3d,default,nonlooping,,1,0,0,0,0,0.25,no,no,none,0,,no,,,yes,no,no,0,0,yes,no,,0,,no,no,no
wpn_saritch_fire_npc_pap,raw\sound\wpn\pap\pap_shot_st.LN65.pc.snd,wpn_saritch_flux_l_npc_pap,loaded,bus_fx,grp_weapon,snp_wpn_3p,,80,0,82,82,75,1250,1250,allon,default,allon,default,10,3,priority,oldest,-100,100,50,90,0.35,1,3d,default,nonlooping,pitch,1,0,0,0,0,0.25,no,no,none,0,,no,,,yes,no,no,0,0,yes,no,,0,,no,no,no
wpn_saritch_fire_plr,raw\sound\wpn\assault\saritch\plr\shot\wpn_saritch_shot_plr.LN65.pc.snd,wpn_saritch_lfe,loaded,bus_fx,grp_weapon,snp_wpn_1p,,65,0,93,93,0,5000,5000,allon,default,allon,default,3,8,oldest,oldest,-50,50,90,90,0.25,1,2d,front_mostly,nonlooping,,1,0,0,0,0,0.25,no,no,none,0,,no,,,yes,no,no,0,0,yes,no,,0,,no,no,no
wpn_saritch_fire_plr_pap,raw\sound\wpn\pap\pap_shot_st.LN65.pc.snd,wpn_saritch_flux_l_plr_pap,loaded,bus_hdrfx,grp_weapon,snp_wpn_1p,,70,0,87,87,0,5000,5000,allon,default,allon,default,1,8,oldest,oldest,0,0,90,90,0.25,1,2d,wpn_all,nonlooping,,1,0,0,0,0,0.25,no,no,none,0,,no,,,yes,no,no,0,0,yes,no,,0,,no,no,no
wpn_semtex_charge,raw\sound\wpn\grenade\sticky\alert\semtex_charge.LN65.pc.snd,wpn_semtex_pin_pull,loaded,bus_fx,grp_hdrfx,snp_alerts_gameplay,,65,0,80,80,50,300,500,allon,default,allon,default,8,8,priority,oldest,0,0,90,100,0,1,3d,default,nonlooping,,1,350,25,225,85,0.25,no,yes,none,0,,no,,,yes,no,no,0,0,yes,no,,0,,no,no,no
wpn_tar21_fire_npc,raw\sound\wpn\assault\tar21\plr\shot\wpn_tar21_shot_plr.LN65.pc.snd,wpn_tar21_LFE_npc,loaded,bus_fx,grp_weapon,snp_wpn_3p,,55,0,82,82,900,900,901,cosdelay,alloff,cosdelay,default,8,2,priority,oldest,-125,125,40,90,0.25,0.8,3d,default,nonlooping,,1,0,0,0,0,0.25,no,no,none,0,,no,,,yes,no,no,0,0,yes,no,,0,,no,no,no
wpn_tar21_fire_npc_pap,raw\sound\wpn\pap\pap_shot_st.LN65.pc.snd,wpn_tar21_flux_l_npc_pap,loaded,bus_fx,grp_weapon,snp_wpn_3p,,80,0,82,82,75,1250,1250,allon,default,allon,default,10,3,priority,oldest,-100,100,50,90,0.35,1,3d,default,nonlooping,pitch,1,0,0,0,0,0.25,no,no,none,0,,no,,,yes,no,no,0,0,yes,no,,0,,no,no,no
wpn_tar21_fire_plr,raw\sound\wpn\assault\tar21\plr\shot\wpn_tar21_shot_plr.LN65.pc.snd,wpn_tar21_lfe,loaded,bus_fx,grp_weapon,snp_wpn_1p,,65,0,93,93,0,5000,5000,allon,default,allon,default,3,8,oldest,oldest,-25,26,90,90,0.25,1,2d,front_mostly,nonlooping,,1,0,0,0,0,0.25,no,no,none,0,,no,,,yes,no,no,0,0,yes,no,,0,,no,no,no
wpn_tar21_fire_plr_pap,raw\sound\wpn\pap\pap_shot_st.LN65.pc.snd,wpn_tar21_flux_l_plr_pap,loaded,bus_hdrfx,grp_weapon,snp_wpn_1p,,70,0,87,87,0,5000,5000,allon,default,allon,default,1,8,oldest,oldest,0,0,90,90,0.25,1,2d,wpn_all,nonlooping,,1,0,0,0,0,0.25,no,no,none,0,,no,,,yes,no,no,0,0,yes,no,,0,,no,no,no
wpn_tazer_hit_body,raw\sound\fly\melee\taser_knux\impact_body\fly_taser_imp_00.LN65.pc.snd,wpn_tazer_hit_body_lfe,loaded,bus_hdrfx,grp_hdrfx,snp_hdrfx,@60191ba2,30,0,92,92,150,500,500,allon,default,allon,default,4,8,priority,oldest,-200,200,40,90,0.25,1,3d,default,nonlooping,,1,0,25,75,90,0.25,no,yes,none,0,,no,,,yes,no,no,0,0,yes,no,,0,,no,no,no
wpn_tazer_hit_other,raw\sound\fly\melee\taser_knux\impact_generic\fly_taser_gen_00.LN65.pc.snd,wpn_tazer_hit_other_2,loaded,bus_hdrfx,grp_hdrfx,snp_hdrfx,,30,0,86,86,150,500,500,allon,default,allon,default,4,8,priority,oldest,-200,200,40,90,0.25,1,3d,default,nonlooping,,1,0,25,75,90,0.25,no,yes,none,0,,no,,,yes,no,no,0,0,yes,no,,0,,no,no,no
wpn_tazer_whoosh_npc,raw\sound\fly\melee\taser_knux\swing\fly_taser_swing_00.LN65.pc.snd,,loaded,bus_hdrfx,grp_hdrfx,snp_hdrfx,@60191ba2,30,0,82,82,150,500,500,allon,default,allon,default,4,8,priority,oldest,-88,0,40,90,0.25,1,3d,default,nonlooping,,1,0,25,75,90,0.25,no,yes,none,0,,no,,,yes,no,no,0,0,yes,no,,0,,no,no,no
wpn_tazer_whoosh_plr,raw\sound\fly\melee\taser_knux\swing\fly_taser_swing_00.LN65.pc.snd,,loaded,bus_hdrfx,grp_hdrfx,snp_hdrfx,@60191ba2,30,93,85,87,0,5000,5000,allon,default,allon,default,8,8,priority,oldest,-88,0,90,90,0.25,1,2d,wpn_all,nonlooping,,1,0,0,0,0,0.25,yes,yes,none,0,,no,,,yes,no,no,0,0,yes,no,,0,,no,no,no
wpn_type95_fire_npc,raw\sound\wpn\assault\type95\plr\shot\wpn_type95_shot_plr.LN65.pc.snd,wpn_type95_LFE_npc,loaded,bus_fx,grp_weapon,snp_wpn_3p,,55,0,82,82,900,900,901,cosdelay,alloff,cosdelay,default,8,2,priority,oldest,-125,125,40,90,0.25,0.8,3d,default,nonlooping,,1,0,0,0,0,0.25,no,no,none,0,,no,,,yes,no,no,0,0,yes,no,,0,,no,no,no
wpn_type95_fire_npc_pap,raw\sound\wpn\pap\pap_shot_st.LN65.pc.snd,wpn_type95_flux_l_npc_pap,loaded,bus_fx,grp_weapon,snp_wpn_3p,,80,0,82,82,75,1250,1250,allon,default,allon,default,10,3,priority,oldest,-100,100,50,90,0.35,1,3d,default,nonlooping,pitch,1,0,0,0,0,0.25,no,no,none,0,,no,,,yes,no,no,0,0,yes,no,,0,,no,no,no
wpn_type95_fire_plr,raw\sound\wpn\assault\type95\plr\shot\wpn_type95_shot_plr.LN65.pc.snd,wpn_type95_lfe,loaded,bus_fx,grp_weapon,snp_wpn_1p,,65,0,93,93,0,5000,5000,allon,default,allon,default,3,8,oldest,oldest,-25,25,90,90,0.25,1,2d,front_mostly,nonlooping,,1,0,0,0,0,0.25,no,no,none,0,,no,,,yes,no,no,0,0,yes,no,,0,,no,no,no
wpn_type95_fire_plr_pap,raw\sound\wpn\pap\pap_shot_st.LN65.pc.snd,wpn_type95_flux_l_plr_pap,loaded,bus_hdrfx,grp_weapon,snp_wpn_1p,,70,0,87,87,0,5000,5000,allon,default,allon,default,1,8,oldest,oldest,0,0,90,90,0.25,1,2d,wpn_all,nonlooping,,1,0,0,0,0,0.25,no,no,none,0,,no,,,yes,no,no,0,0,yes,no,,0,,no,no,no
wpn_vulcan_raise_plr,raw\sound\wpn\lmg\minigun\foley\fly_minigun_up.LN65.pc.snd,,loaded,bus_fx,grp_foley,snp_foley,,30,0,86,89,0,5000,5000,allon,default,allon,default,8,8,priority,oldest,-88,84,70,70,0.25,1,2d,front,nonlooping,,1,150,0,0,0,0.25,no,yes,none,0,,no,,,yes,no,no,0,0,yes,no,,0,,no,no,no
wpn_xm8_fire_npc,raw\sound\wpn\assault\xm8\plr\shot\wpn_xm8_shot_plr.LN65.pc.snd,wpn_xm8_LFE_npc,loaded,bus_fx,grp_weapon,snp_wpn_3p,,55,0,82,82,900,900,901,cosdelay,alloff,cosdelay,default,8,2,priority,oldest,-125,125,40,90,0.25,0.8,3d,default,nonlooping,,1,0,0,0,0,0.25,no,no,none,0,,no,,,yes,no,no,0,0,yes,no,,0,,no,no,no
wpn_xm8_fire_npc_pap,raw\sound\wpn\pap\pap_shot_st.LN65.pc.snd,wpn_xm8_flux_l_npc_pap,loaded,bus_fx,grp_weapon,snp_wpn_3p,,80,0,82,82,75,1250,1250,allon,default,allon,default,10,3,priority,oldest,-100,100,50,90,0.35,1,3d,default,nonlooping,pitch,1,0,0,0,0,0.25,no,no,none,0,,no,,,yes,no,no,0,0,yes,no,,0,,no,no,no
wpn_xm8_fire_plr,raw\sound\wpn\assault\xm8\plr\shot\wpn_xm8_shot_plr.LN65.pc.snd,wpn_xm8_lfe,loaded,bus_fx,grp_weapon,snp_wpn_1p,,65,0,93,93,0,5000,5000,allon,default,allon,default,3,8,oldest,oldest,-50,50,90,90,0.25,1,2d,front_mostly,nonlooping,,1,0,0,0,0,0.25,no,no,none,0,,no,,,yes,no,no,0,0,yes,no,,0,,no,no,no
wpn_xm8_fire_plr_burst,raw\sound\wpn\assault\xm8\plr\shot\wpn_xm8_shot_plr_burst.LN65.pc.snd,,loaded,bus_fx,grp_weapon,snp_wpn_1p,,65,0,93,93,0,5000,5000,allon,default,allon,default,3,8,oldest,oldest,-50,50,90,90,0.25,1,2d,front_mostly,nonlooping,,1,0,0,0,0,0.25,no,no,none,0,,no,,,yes,no,no,0,0,yes,no,,0,,no,no,no
wpn_xm8_fire_plr_pap,raw\sound\wpn\pap\pap_shot_st.LN65.pc.snd,wpn_xm8_flux_l_plr_pap,loaded,bus_hdrfx,grp_weapon,snp_wpn_1p,,70,0,87,87,0,5000,5000,allon,default,allon,default,1,8,oldest,oldest,0,0,90,90,0.25,1,2d,wpn_all,nonlooping,,1,0,0,0,0,0.25,no,no,none,0,,no,,,yes,no,no,0,0,yes,no,,0,,no,no,no
wpn_xm8_lfe,raw\sound\wpn\wpn_lfe\wpn_lfe_4080120.LN65.pc.snd,wpn_xm8_fire_plr_decay,loaded,bus_hdrfx,grp_wpn_lfe,snp_wpn_1p,,0,0,86,86,0,5000,5000,allon,default,allon,default,8,2,priority,oldest,0,0,85,90,0.25,1,2d,lfe,nonlooping,,1,0,0,0,0,0.25,no,no,none,0,,no,,,no,no,no,0,0,yes,no,,0,,no,no,no
fly_riotshield_zm_impact_flesh,raw\sound\mpl\riot_shield\impact_flesh\riot_shield_impact01.LN65.pc.snd,,loaded,bus_fx,grp_foley,snp_foley,,80,0,92,92,200,500,500,allon,default,allon,default,2,8,priority,oldest,-50,50,65,70,0,1,3d,default,nonlooping,,1,0,0,0,0,0.25,no,yes,none,0,,no,,,yes,no,no,0,0,yes,no,,0,,no,no,no
fly_riotshield_zm_impact_other,raw\sound\mpl\riot_shield\impact_other\riot_shield_impact01.LN65.pc.snd,,loaded,bus_fx,grp_foley,snp_foley,,80,0,90,90,200,500,500,allon,default,allon,default,2,8,priority,oldest,-50,50,65,70,0,1,3d,default,nonlooping,,1,0,0,0,0,0.25,no,yes,none,0,,no,,,yes,no,no,0,0,yes,no,,0,,no,no,no
fly_riotshield_zm_swing,raw\sound\mpl\riot_shield\melee_swing\h2h_knife_swing1.LN65.pc.snd,,loaded,bus_fx,grp_foley,snp_foley,,80,0,80,80,200,500,500,allon,default,allon,default,2,8,priority,oldest,-50,50,65,70,0,1,3d,default,nonlooping,,1,0,0,0,0,0.25,no,yes,none,0,,no,,,yes,no,no,0,0,yes,no,,0,,no,no,no
wpn_ak47_dryfire_npc,raw\sound\wpn\assault\dry_fire\npc\dry_fire_00.LN65.pc.snd,,loaded,bus_fx,grp_weapon,snp_wpn_3p,,55,0,82,82,900,900,901,cosdelay,alloff,cosdelay,default,8,2,priority,oldest,-125,125,40,90,0.25,0.8,3d,default,nonlooping,,1,0,0,0,0,0.25,no,no,none,0,,no,,,yes,no,no,0,0,yes,no,,0,,no,no,no
wpn_ak47_dryfire_plr,raw\sound\wpn\assault\dry_fire\plr\dry_fire_00.LN65.pc.snd,,loaded,bus_fx,grp_weapon,snp_wpn_1p,,65,0,93,93,0,5000,5000,allon,default,allon,default,3,8,oldest,oldest,0,0,90,90,0.25,1,2d,front_mostly,nonlooping,,1,0,0,0,0,0.25,no,no,none,0,,no,,,yes,no,no,0,0,yes,no,,0,,no,no,no
wpn_ak47_fire_npc,raw\sound\wpn\assault\type95\plr\shot\wpn_type95_shot_plr.LN65.pc.snd,wpn_ak47_LFE_npc,loaded,bus_fx,grp_weapon,snp_wpn_3p,,55,0,82,82,900,900,901,cosdelay,alloff,cosdelay,default,8,2,priority,oldest,-25,25,40,90,0.25,0.8,3d,default,nonlooping,,1,0,0,0,0,0.25,no,no,none,0,,no,,,yes,no,no,0,0,yes,no,,0,,no,no,no
wpn_ak47_fire_npc_pap,raw\sound\wpn\pap\pap_shot_st.LN65.pc.snd,wpn_ak47_flux_l_npc_pap,loaded,bus_fx,grp_weapon,snp_wpn_3p,,80,0,82,82,75,1250,1250,allon,default,allon,default,10,3,priority,oldest,-100,100,50,90,0.35,1,3d,default,nonlooping,pitch,1,0,0,0,0,0.25,no,no,none,0,,no,,,yes,no,no,0,0,yes,no,,0,,no,no,no
wpn_ak47_fire_plr,raw\sound\wpn\assault\type95\plr\shot\wpn_type95_shot_plr.LN65.pc.snd,wpn_ak47_lfe,loaded,bus_fx,grp_weapon,snp_wpn_1p,,65,0,93,93,0,5000,5000,allon,default,allon,default,3,8,oldest,oldest,-25,25,90,90,0.25,1,2d,front_mostly,nonlooping,,1,0,0,0,0,0.25,no,no,none,0,,no,,,yes,no,no,0,0,yes,no,,0,,no,no,no
wpn_ak47_fire_plr_pap,raw\sound\wpn\pap\pap_shot_st.LN65.pc.snd,wpn_ak47_flux_l_plr_pap,loaded,bus_hdrfx,grp_weapon,snp_wpn_1p,,70,0,87,87,0,5000,5000,allon,default,allon,default,1,8,oldest,oldest,0,0,90,90,0.25,1,2d,wpn_all,nonlooping,,1,0,0,0,0,0.25,no,no,none,0,,no,,,yes,no,no,0,0,yes,no,,0,,no,no,no
wpn_an94_fire_npc,raw\sound\wpn\assault\an94\plr\shot\wpn_an94_shot_plr.LN65.pc.snd,wpn_an94_LFE_npc,loaded,bus_fx,grp_weapon,snp_wpn_3p,,55,0,82,82,900,900,901,cosdelay,alloff,cosdelay,default,8,2,priority,oldest,-125,125,40,90,0.25,0.8,3d,default,nonlooping,,1,0,0,0,0,0.25,no,no,none,0,,no,,,yes,no,no,0,0,yes,no,,0,,no,no,no
wpn_an94_fire_npc_pap,raw\sound\wpn\pap\pap_shot_st.LN65.pc.snd,wpn_an94_flux_l_npc_pap,loaded,bus_fx,grp_weapon,snp_wpn_3p,,80,0,82,82,75,1250,1250,allon,default,allon,default,10,3,priority,oldest,-100,100,50,90,0.35,1,3d,default,nonlooping,pitch,1,0,0,0,0,0.25,no,no,none,0,,no,,,yes,no,no,0,0,yes,no,,0,,no,no,no
wpn_an94_fire_plr,raw\sound\wpn\assault\an94\plr\shot\wpn_an94_shot_plr.LN65.pc.snd,wpn_an94_lfe,loaded,bus_fx,grp_weapon,snp_wpn_1p,,65,0,93,93,0,5000,5000,allon,default,allon,default,3,8,oldest,oldest,-25,25,90,90,0.25,1,2d,front_mostly,nonlooping,,1,0,0,0,0,0.25,no,no,none,0,,no,,,yes,no,no,0,0,yes,no,,0,,no,no,no
wpn_an94_fire_plr_pap,raw\sound\wpn\pap\pap_shot_st.LN65.pc.snd,wpn_an94_flux_l_plr_pap,loaded,bus_hdrfx,grp_weapon,snp_wpn_1p,,70,0,87,87,0,5000,5000,allon,default,allon,default,1,8,oldest,oldest,0,0,90,90,0.25,1,2d,wpn_all,nonlooping,,1,0,0,0,0,0.25,no,no,none,0,,no,,,yes,no,no,0,0,yes,no,,0,,no,no,no
wpn_evoskorpion_fire_npc,raw\sound\wpn\smg\evoskorpion\plr\shot\wpn_evoskorpion_fire_plr.LN65.pc.snd,wpn_evoskorpion_fire_npc_dist,loaded,bus_fx,grp_weapon,snp_wpn_3p,,55,0,87,87,900,900,900,cosdelay,alloff,cosdelay,default,8,3,priority,oldest,-50,50,20,90,0.25,0.8,3d,default,nonlooping,,1,0,0,0,0,0.25,no,no,none,0,,no,,,yes,no,no,0,0,yes,no,,0,,no,no,no
wpn_evoskorpion_fire_plr,raw\sound\wpn\smg\evoskorpion\plr\shot\wpn_evoskorpion_fire_plr.LN65.pc.snd,wpn_evoskorpion_LFE,loaded,bus_fx,grp_weapon,snp_wpn_1p,,65,0,93,93,0,5000,5000,allon,default,allon,default,2,8,oldest,oldest,-50,50,90,90,0.25,1,2d,front_mostly,nonlooping,,1,0,0,0,0,0.25,no,no,none,0,,no,,,yes,no,no,0,0,yes,no,,0,,no,no,no
wpn_minigun_pickup_npc,raw\sound\fly\pickups\weapon\fly_weapon_pickup_00.LN65.pc.snd,,loaded,bus_fx,grp_foley,snp_foley,,30,0,75,75,75,500,500,allon,default,allon,default,2,1,priority,reject,-50,50,15,30,0.25,1,3d,default,nonlooping,,1,0,25,250,75,0.25,no,yes,none,0,,no,,,yes,no,no,0,0,yes,no,,0,,no,no,no
wpn_minigun_pickup_plr,raw\sound\fly\pickups\weapon\fly_weapon_pickup_00.LN65.pc.snd,,loaded,bus_fx,grp_foley,snp_foley,,30,0,86,89,0,5000,5000,allon,default,allon,default,8,8,priority,oldest,-88,84,70,70,0.25,1,2d,front,nonlooping,,1,0,0,0,0,0.25,no,yes,none,0,,no,,,yes,no,no,0,0,yes,no,,0,,no,no,no
wpn_pdw57_fire_npc,raw\sound\wpn\assault\pdw_57\plr\shot\wpn_pdw57_fire_plr.LN65.pc.snd,wpn_pdw57_LFE_npc,loaded,bus_fx,grp_weapon,snp_wpn_3p,,55,0,87,87,900,900,900,cosdelay,alloff,cosdelay,default,8,3,priority,oldest,-150,150,20,90,0.25,0.8,3d,default,nonlooping,,1,0,0,0,0,0.25,no,no,none,0,,no,,,yes,no,no,0,0,yes,no,,0,,no,no,no
wpn_pdw57_fire_npc_pap,raw\sound\wpn\pap\pap_shot_st.LN65.pc.snd,wpn_pdw57_flux_l_npc_pap,loaded,bus_fx,grp_weapon,snp_wpn_3p,,80,0,82,82,75,1250,1250,allon,default,allon,default,10,3,priority,oldest,-100,100,50,90,0.35,1,3d,default,nonlooping,pitch,1,0,0,0,0,0.25,no,no,none,0,,no,,,yes,no,no,0,0,yes,no,,0,,no,no,no
wpn_pdw57_fire_plr,raw\sound\wpn\assault\pdw_57\plr\shot\wpn_pdw57_fire_plr.LN65.pc.snd,wpn_pdw57_LFE,loaded,bus_fx,grp_weapon,snp_wpn_1p,,65,0,93,93,0,5000,5000,allon,default,allon,default,2,8,oldest,oldest,-80,80,90,90,0.25,1,2d,front_mostly,nonlooping,,1,0,0,0,0,0.25,no,no,none,0,,no,,,yes,no,no,0,0,yes,no,,0,,no,no,no
wpn_pdw57_fire_plr_pap,raw\sound\wpn\pap\pap_shot_st.LN65.pc.snd,wpn_pdw57_flux_l_plr_pap,loaded,bus_hdrfx,grp_weapon,snp_wpn_1p,,70,0,87,87,0,5000,5000,allon,default,allon,default,1,8,oldest,oldest,0,0,90,90,0.25,1,2d,wpn_all,nonlooping,,1,0,0,0,0,0.25,no,no,none,0,,no,,,yes,no,no,0,0,yes,no,,0,,no,no,no
wpn_svu_fire_npc,raw\sound\wpn\sniper\svt\shot\wpn_svt_fire_plr.LN65.pc.snd,wpn_svu_lfe_npc,loaded,bus_fx,grp_weapon,snp_wpn_3p,,65,0,88,88,900,900,901,cosdelay,alloff,cosdelay,default,6,2,priority,oldest,-88,84,20,90,0.25,0.8,3d,default,nonlooping,pitch,1,0,0,0,0,0.25,no,no,none,0,,no,,,yes,no,no,0,0,yes,no,,0,,no,no,no
wpn_svu_fire_npc_pap,raw\sound\wpn\pap\pap_shot_st.LN65.pc.snd,wpn_svu_flux_l_npc_pap,loaded,bus_fx,grp_weapon,snp_wpn_3p,,80,0,82,82,75,1250,1250,allon,default,allon,default,10,3,priority,oldest,-100,100,50,90,0.35,1,3d,default,nonlooping,pitch,1,0,0,0,0,0.25,no,no,none,0,,no,,,yes,no,no,0,0,yes,no,,0,,no,no,no
wpn_svu_fire_plr,raw\sound\wpn\sniper\svt\shot\wpn_svt_fire_plr.LN65.pc.snd,wpn_svu_lfe,loaded,bus_fx,grp_weapon,snp_wpn_1p,@d5b16432,70,0,88,88,0,5000,5000,allon,default,allon,default,2,8,oldest,oldest,0,0,90,90,0.25,1,2d,front_mostly,nonlooping,,1,0,0,0,0,0.25,no,no,none,0,,no,,,yes,no,no,0,0,yes,no,,0,,no,no,no
wpn_svu_fire_plr_pap,raw\sound\wpn\pap\pap_shot_st.LN65.pc.snd,wpn_svu_flux_l_plr_pap,loaded,bus_hdrfx,grp_weapon,snp_wpn_1p,,70,0,87,87,0,5000,5000,allon,default,allon,default,1,8,oldest,oldest,0,0,90,90,0.25,1,2d,wpn_all,nonlooping,,1,0,0,0,0,0.25,no,no,none,0,,no,,,yes,no,no,0,0,yes,no,,0,,no,no,no
wpn_tommy_fire_npc,raw\sound\wpn\smg\tommy\plr\wpn_tommy_fire_00.LN65.pc.snd,wpn_tommy_LFE_npc,loaded,bus_fx,grp_weapon,snp_wpn_3p,,55,0,87,87,900,900,900,cosdelay,alloff,cosdelay,default,8,3,priority,oldest,-25,25,20,90,0.25,0.8,3d,default,nonlooping,,1,0,0,0,0,0.25,no,no,none,0,,no,,,yes,no,no,0,0,yes,no,,0,,no,no,no
wpn_tommy_fire_npc_pap,raw\sound\wpn\pap\pap_shot_st.LN65.pc.snd,wpn_tommy_flux_l_npc_pap,loaded,bus_fx,grp_weapon,snp_wpn_3p,,80,0,82,82,75,1250,1250,allon,default,allon,default,10,3,priority,oldest,-100,100,50,90,0.35,1,3d,default,nonlooping,pitch,1,0,0,0,0,0.25,no,no,none,0,,no,,,yes,no,no,0,0,yes,no,,0,,no,no,no
wpn_tommy_fire_plr,raw\sound\wpn\smg\tommy\plr\wpn_tommy_fire_00.LN65.pc.snd,wpn_tommy_lfe,loaded,bus_fx,grp_weapon,snp_wpn_1p,,65,0,93,93,0,5000,5000,allon,default,allon,default,2,8,oldest,oldest,-25,25,90,90,0.25,1,2d,front_mostly,nonlooping,,1,0,0,0,0,0.25,no,no,none,0,,no,,,yes,no,no,0,0,yes,no,,0,,no,no,no
wpn_tommy_fire_plr_pap,raw\sound\wpn\pap\pap_shot_st.LN65.pc.snd,wpn_tommy_flux_l_plr_pap,loaded,bus_hdrfx,grp_weapon,snp_wpn_1p,,70,0,87,87,0,5000,5000,allon,default,allon,default,1,8,oldest,oldest,0,0,90,90,0.25,1,2d,wpn_all,nonlooping,,1,0,0,0,0,0.25,no,no,none,0,,no,,,yes,no,no,0,0,yes,no,,0,,no,no,no
wpn_uzi_fire_npc,raw\sound\wpn\smg\evoskorpion\plr\shot\wpn_evoskorpion_fire_plr.LN65.pc.snd,wpn_uzi_fire_npc_dist,loaded,bus_fx,grp_weapon,snp_wpn_3p,,55,0,87,87,900,900,900,cosdelay,alloff,cosdelay,default,8,3,priority,oldest,-50,50,20,90,0.25,0.8,3d,default,nonlooping,,1,0,0,0,0,0.25,no,no,none,0,,no,,,yes,no,no,0,0,yes,no,,0,,no,no,no
wpn_uzi_fire_npc_pap,raw\sound\wpn\pap\pap_shot_st.LN65.pc.snd,wpn_uzi_flux_l_npc_pap,loaded,bus_fx,grp_weapon,snp_wpn_3p,,80,0,82,82,75,1250,1250,allon,default,allon,default,10,3,priority,oldest,-100,100,50,90,0.35,1,3d,default,nonlooping,pitch,1,0,0,0,0,0.25,no,no,none,0,,no,,,yes,no,no,0,0,yes,no,,0,,no,no,no
wpn_uzi_fire_plr,raw\sound\wpn\smg\evoskorpion\plr\shot\wpn_evoskorpion_fire_plr.LN65.pc.snd,wpn_uzi_LFE,loaded,bus_fx,grp_weapon,snp_wpn_1p,,65,0,93,93,0,5000,5000,allon,default,allon,default,2,8,oldest,oldest,-50,50,90,90,0.25,1,2d,front_mostly,nonlooping,,1,0,0,0,0,0.25,no,no,none,0,,no,,,yes,no,no,0,0,yes,no,,0,,no,no,no
wpn_uzi_fire_plr_pap,raw\sound\wpn\pap\pap_shot_st.LN65.pc.snd,wpn_uzi_flux_l_plr_pap,loaded,bus_hdrfx,grp_weapon,snp_wpn_1p,,70,0,87,87,0,5000,5000,allon,default,allon,default,1,8,oldest,oldest,0,0,90,90,0.25,1,2d,wpn_all,nonlooping,,1,0,0,0,0,0.25,no,no,none,0,,no,,,yes,no,no,0,0,yes,no,,0,,no,no,no
wpn_vulcan_dist_loop_ring_npc,raw\sound\wpn\lmg\vulcan\npc\fire\dist\wpn_vulcan_fire_stop_dist_npc.LN65.pc.snd,,loaded,bus_fx,grp_weapon,snp_wpn_3p,,80,0,85,85,900,6000,12500,sindelay,default,sindelay,allon,8,1,priority,reject,0,0,90,40,0.25,1,3d,default,nonlooping,variant,1,0,0,0,0,0.25,no,no,none,0,,no,,,yes,no,no,50,0,yes,no,,0,,no,no,no
wpn_vulcan_fire_loop_npc,raw\sound\wpn\lmg\vulcan\plr\fire\wpn_vulcan_fire_loop_plr.LL65.pc.snd,wpn_vulcan_dist_loop_npc,loaded,bus_fx,grp_weapon,snp_wpn_3p,,70,0,85,85,900,900,901,cosdelay,alloff,cosdelay,default,8,1,priority,reject,0,0,50,90,0.25,0.8,3d,default,looping,pitch,1,150,0,0,0,0.25,no,no,none,0,,no,,,yes,no,no,50,200,yes,no,,0,,no,no,no
wpn_vulcan_fire_loop_plr,raw\sound\wpn\lmg\vulcan\plr\fire\wpn_vulcan_fire_loop_plr.LL65.pc.snd,,loaded,bus_fx,grp_weapon,snp_wpn_1p,@ce86373b,70,0,93,93,0,5000,5000,allon,default,allon,default,2,8,oldest,oldest,0,0,90,90,0.25,1,2d,front_mostly,looping,,1,500,0,0,0,0.25,no,no,none,0,,no,,,yes,no,no,50,200,yes,no,,0,,no,no,no
wpn_vulcan_fire_loop_ring_plr,raw\sound\wpn\lmg\vulcan\plr\fire\wpn_vulcan_fire_stop_plr.LN65.pc.snd,,loaded,bus_fx,grp_weapon,snp_wpn_1p,,70,0,93,93,0,5000,5000,allon,default,allon,default,1,8,oldest,oldest,0,0,90,90,0.25,1,2d,front_mostly,nonlooping,,1,0,0,0,0,0.25,no,no,none,0,,no,,,yes,no,no,50,0,yes,no,,0,,no,no,no
wpn_vulcan_fire_loop_start_npc,raw\sound\wpn\lmg\vulcan\plr\fire\wpn_vulcan_fire_stop_plr.LN65.pc.snd,,loaded,bus_fx,grp_weapon,snp_wpn_3p,,70,0,85,85,900,900,901,cosdelay,alloff,cosdelay,default,8,1,priority,reject,0,0,50,90,0.25,0.8,3d,default,nonlooping,pitch,1,0,0,0,0,0.25,no,no,none,0,,no,,,yes,no,no,0,0,yes,no,,0,,no,no,no
wpn_vulcan_fire_loop_start_plr,raw\sound\wpn\lmg\vulcan\plr\fire\wpn_vulcan_fire_start_plr.LN65.pc.snd,,loaded,bus_fx,grp_weapon,snp_wpn_1p,,70,0,93,93,0,5000,5000,allon,default,allon,default,1,8,oldest,oldest,0,0,90,90,0.25,1,2d,front_mostly,nonlooping,,1,0,0,0,0,0.25,no,no,none,0,,no,,,yes,no,no,0,0,yes,no,,0,,no,no,no
wpn_vulcan_fire_npc_pap,raw\sound\wpn\pap\pap_shot_st.LN65.pc.snd,wpn_vulcan_flux_l_npc_pap,loaded,bus_fx,grp_weapon,snp_wpn_3p,,80,0,82,82,75,1250,1250,allon,default,allon,default,10,3,priority,oldest,-100,100,50,90,0.35,1,3d,default,nonlooping,pitch,1,0,0,0,0,0.25,no,no,none,0,,no,,,yes,no,no,0,0,yes,no,,0,,no,no,no
wpn_vulcan_fire_plr_pap,raw\sound\wpn\pap\pap_shot_st.LN65.pc.snd,wpn_vulcan_flux_l_plr_pap,loaded,bus_hdrfx,grp_weapon,snp_wpn_1p,,70,0,87,87,0,5000,5000,allon,default,allon,default,1,8,oldest,oldest,0,0,90,90,0.25,1,2d,wpn_all,nonlooping,,1,0,0,0,0,0.25,no,no,none,0,,no,,,yes,no,no,0,0,yes,no,,0,,no,no,no
wpn_vulcan_loop_npc,raw\sound\wpn\lmg\vulcan\plr\spool\wpn_vulcan_loop_plr.LL65.pc.snd,,loaded,bus_fx,grp_weapon,snp_wpn_3p,,75,0,67,67,200,350,350,allon,default,rcurve1,default,10,1,priority,reject,0,0,50,90,0.35,1,3d,default,looping,pitch,1,466,0,0,0,0.25,no,no,none,0,,no,,,yes,no,no,0,0,yes,no,,0,,no,no,no
wpn_vulcan_loop_plr,raw\sound\wpn\lmg\vulcan\plr\spool\wpn_vulcan_loop_plr.LL65.pc.snd,,loaded,bus_fx,grp_weapon,snp_wpn_1p,,10,0,80,80,0,5000,5000,allon,default,allon,default,1,8,reject,oldest,0,0,90,90,0.25,1,2d,wpn_fnt,looping,,1,750,0,0,0,0.25,no,no,none,0,,no,,,yes,no,no,50,50,yes,no,,0,,no,no,no
wpn_vulcan_raise_npc,raw\sound\wpn\lmg\minigun\foley\fly_minigun_up.LN65.pc.snd,,loaded,bus_fx,grp_foley,snp_foley,,30,0,75,75,75,500,500,allon,default,allon,default,4,8,priority,oldest,-90,90,15,30,0.25,1,3d,default,nonlooping,,1,0,25,250,75,0.25,no,yes,none,0,,no,,,yes,no,no,0,0,yes,no,,0,,no,no,no
wpn_vulcan_start_npc,raw\sound\wpn\lmg\vulcan\plr\spool\wpn_vulcan_start_plr.LN65.pc.snd,,loaded,bus_fx,grp_weapon,snp_wpn_3p,,75,0,67,67,200,350,350,allon,default,rcurve1,default,10,1,priority,reject,0,0,50,90,0.35,1,3d,default,nonlooping,pitch,1,0,0,0,0,0.25,no,no,none,0,,no,,,yes,no,no,0,0,yes,no,,0,,no,no,no
wpn_vulcan_start_plr,raw\sound\wpn\lmg\vulcan\plr\spool\wpn_vulcan_start_plr.LN65.pc.snd,,loaded,bus_fx,grp_weapon,snp_wpn_1p,,10,0,80,80,0,5000,5000,allon,default,allon,default,1,8,reject,oldest,0,0,90,90,0.25,1,2d,wpn_fnt,nonlooping,,1,0,0,0,0,0.25,no,no,none,0,,no,,,yes,no,no,0,0,yes,no,,0,,no,no,no
wpn_vulcan_stop_npc,raw\sound\wpn\lmg\vulcan\plr\spool\wpn_vulcan_stop_plr.LN65.pc.snd,,loaded,bus_fx,grp_weapon,snp_wpn_3p,,75,0,67,67,200,350,350,allon,default,rcurve1,default,10,1,priority,reject,0,0,50,90,0.35,1,3d,default,nonlooping,pitch,1,0,0,0,0,0.25,no,no,none,0,,no,,,yes,no,no,0,0,yes,no,,0,,no,no,no
wpn_vulcan_stop_plr,raw\sound\wpn\lmg\vulcan\plr\spool\wpn_vulcan_stop_plr.LN65.pc.snd,,loaded,bus_fx,grp_weapon,snp_wpn_1p,,10,0,80,80,0,5000,5000,allon,default,allon,default,1,8,reject,oldest,0,0,90,90,0.25,1,2d,wpn_fnt,nonlooping,,1,0,0,0,0,0.25,no,no,none,0,,no,,,yes,no,no,300,0,yes,no,,0,,no,no,no
wpn_rnma_fire_npc,raw\sound\wpn\pistol\rnma\fire\wpn_rnma_fire.LN65.pc.snd,wpn_rnma_lfe_npc,loaded,bus_fx,grp_weapon,snp_wpn_3p,,65,0,93,93,900,900,901,cosdelay,alloff,cosdelay,default,6,2,priority,oldest,-88,84,20,90,0.25,0.8,3d,default,nonlooping,pitch,1,0,0,0,0,0.25,no,no,none,0,,no,,,yes,no,no,0,0,yes,no,,0,,no,no,no
wpn_rnma_fire_plr,raw\sound\wpn\pistol\rnma\fire\wpn_rnma_fire.LN65.pc.snd,wpn_rnma_lfe,loaded,bus_fx,grp_weapon,snp_wpn_1p,@d5b16432,70,0,93,93,0,5000,5000,allon,default,allon,default,2,8,oldest,oldest,0,0,90,90,0.25,1,2d,front_mostly,nonlooping,,1,0,0,0,0,0.25,no,no,none,0,,no,,,yes,no,no,0,0,yes,no,,0,,no,no,no
wpn_ballista_fire_npc,raw\sound\wpn\sniper\ballista\plr\shot\wpn_ballista_fire_plr.LN65.pc.snd,wpn_ballista_lfe_npc,loaded,bus_fx,grp_weapon,snp_wpn_3p,,65,0,92,92,900,900,901,cosdelay,alloff,cosdelay,default,6,2,priority,oldest,-88,84,20,90,0.25,0.8,3d,default,nonlooping,pitch,1,0,0,0,0,0.25,no,no,none,0,,no,,,yes,no,no,0,0,yes,no,,0,,no,no,no
wpn_ballista_fire_plr,raw\sound\wpn\sniper\ballista\plr\shot\wpn_ballista_fire_plr.LN65.pc.snd,wpn_ballista_lfe,loaded,bus_fx,grp_weapon,snp_wpn_1p,@d5b16432,70,0,92,92,0,5000,5000,allon,default,allon,default,2,8,oldest,oldest,0,0,90,90,0.25,1,2d,quad,nonlooping,,1,0,0,0,0,0.25,no,no,none,0,,no,,,yes,no,no,0,0,yes,no,,0,,no,no,no
wpn_evoskorpion_fire_npc_pap,raw\sound\wpn\pap\pap_shot_st.LN65.pc.snd,wpn_evoskorpion_flux_l_npc_pap,loaded,bus_fx,grp_weapon,snp_wpn_3p,,80,0,82,82,75,1250,1250,allon,default,allon,default,10,3,priority,oldest,-100,100,50,90,0.35,1,3d,default,nonlooping,pitch,1,0,0,0,0,0.25,no,no,none,0,,no,,,yes,no,no,0,0,yes,no,,0,,no,no,no
wpn_evoskorpion_fire_plr_pap,raw\sound\wpn\pap\pap_shot_st.LN65.pc.snd,wpn_evoskorpion_flux_l_plr_pap,loaded,bus_hdrfx,grp_weapon,snp_wpn_1p,,70,0,87,87,0,5000,5000,allon,default,allon,default,1,8,oldest,oldest,0,0,90,90,0.25,1,2d,wpn_all,nonlooping,,1,0,0,0,0,0.25,no,no,none,0,,no,,,yes,no,no,0,0,yes,no,,0,,no,no,no
wpn_ksg_fire_npc,raw\sound\wpn\shotgun\ksg\plr\shot\wpn_ksg_fire_plr.LN65.pc.snd,wpn_ksg_npc_LFE,loaded,bus_fx,grp_weapon,snp_wpn_3p,,55,0,88,88,900,900,900,cosdelay,alloff,cosdelay,default,6,2,priority,oldest,-88,84,50,90,0.25,0.8,3d,default,nonlooping,,1,0,0,0,0,0.25,no,no,none,0,,no,,,yes,no,no,0,0,yes,no,,0,,no,no,no
wpn_ksg_fire_npc_pap,raw\sound\wpn\pap\pap_shot_st.LN65.pc.snd,wpn_ksg_flux_l_npc_pap,loaded,bus_fx,grp_weapon,snp_wpn_3p,,80,0,82,82,75,1250,1250,allon,default,allon,default,10,3,priority,oldest,-100,100,50,90,0.35,1,3d,default,nonlooping,pitch,1,0,0,0,0,0.25,no,no,none,0,,no,,,yes,no,no,0,0,yes,no,,0,,no,no,no
wpn_ksg_fire_plr,raw\sound\wpn\shotgun\ksg\plr\shot\wpn_ksg_fire_plr.LN65.pc.snd,wpn_ksg_LFE,loaded,bus_fx,grp_weapon,snp_wpn_1p,,65,0,94,94,0,5000,5000,allon,default,allon,default,8,2,priority,oldest,-100,100,90,90,0.25,1,2d,front_mostly,nonlooping,,1,0,0,0,0,0.25,no,no,none,0,,no,,,yes,no,no,0,0,yes,no,,0,,no,no,no
wpn_ksg_fire_plr_pap,raw\sound\wpn\pap\pap_shot_st.LN65.pc.snd,wpn_ksg_flux_l_plr_pap,loaded,bus_hdrfx,grp_weapon,snp_wpn_1p,,70,0,87,87,0,5000,5000,allon,default,allon,default,1,8,oldest,oldest,0,0,90,90,0.25,1,2d,wpn_all,nonlooping,,1,0,0,0,0,0.25,no,no,none,0,,no,,,yes,no,no,0,0,yes,no,,0,,no,no,no
wpn_mg08_fire_npc,raw\sound\wpn\lmg\mg08\plr\shot\wpn_mg08_shot_plr.LN65.pc.snd,wpn_mg08_LFE_npc,loaded,bus_fx,grp_weapon,snp_wpn_3p,,70,0,85,85,900,900,901,cosdelay,alloff,cosdelay,default,8,2,priority,oldest,-25,25,50,90,0.25,0.8,3d,default,nonlooping,pitch,1,0,0,0,0,0.25,no,no,none,0,,no,,,yes,no,no,0,0,yes,no,,0,,no,no,no
wpn_mg08_fire_npc_pap,raw\sound\wpn\pap\pap_shot_st.LN65.pc.snd,wpn_mg08_flux_l_npc_pap,loaded,bus_fx,grp_weapon,snp_wpn_3p,,80,0,82,82,75,1250,1250,allon,default,allon,default,10,3,priority,oldest,-100,100,50,90,0.35,1,3d,default,nonlooping,pitch,1,0,0,0,0,0.25,no,no,none,0,,no,,,yes,no,no,0,0,yes,no,,0,,no,no,no
wpn_mg08_fire_plr,raw\sound\wpn\lmg\mg08\plr\shot\wpn_mg08_shot_plr.LN65.pc.snd,wpn_mg08_lfe,loaded,bus_fx,grp_weapon,snp_wpn_1p,@ce86373b,70,0,93,93,0,5000,5000,allon,default,allon,default,2,8,oldest,oldest,-25,25,90,90,0.25,1,2d,front_mostly,nonlooping,,1,0,0,0,0,0.25,no,no,none,0,,no,,,yes,no,no,0,0,yes,no,,0,,no,no,no
wpn_mg08_fire_plr_pap,raw\sound\wpn\pap\pap_shot_st.LN65.pc.snd,wpn_mg08_flux_l_plr_pap,loaded,bus_hdrfx,grp_weapon,snp_wpn_1p,,70,0,87,87,0,5000,5000,allon,default,allon,default,1,8,oldest,oldest,0,0,90,90,0.25,1,2d,wpn_all,nonlooping,,1,0,0,0,0,0.25,no,no,none,0,,no,,,yes,no,no,0,0,yes,no,,0,,no,no,no
wpn_mp40_fire_npc,raw\sound\wpn\assault\mp40\shot\wpn_mp40_fire.LN65.pc.snd,wpn_mp40_fire_npc_dist,loaded,bus_fx,grp_weapon,snp_wpn_3p,,55,0,82,82,900,900,901,cosdelay,alloff,cosdelay,default,8,2,priority,oldest,-125,125,40,90,0.25,0.8,3d,default,nonlooping,,1,0,0,0,0,0.25,no,no,none,0,,no,,,yes,no,no,0,0,yes,no,,0,,no,no,no
wpn_mp40_fire_npc_pap,raw\sound\zmb_blops\wpn\pap\pap_shot_m.LN65.pc.snd,wpn_mp40_flux_l_npc_pap,loaded,bus_fx,grp_weapon,snp_wpn_3p,,80,0,82,82,75,1250,1250,allon,default,allon,default,10,3,priority,oldest,-100,100,50,90,0.35,1,3d,default,nonlooping,pitch,1,0,0,0,0,0.25,no,no,none,0,,no,,,yes,no,no,0,0,yes,no,,0,,no,no,no
wpn_mp40_fire_plr,raw\sound\wpn\assault\mp40\shot\wpn_mp40_fire.LN65.pc.snd,wpn_mp40_fire_plr_decay,loaded,bus_fx,grp_weapon,snp_wpn_1p,@71194503,65,0,93,93,0,5000,5000,allon,default,allon,default,3,8,oldest,oldest,0,0,90,90,0.25,1,2d,wpn_all,nonlooping,,1,0,0,0,0,0.25,no,no,none,0,,no,,,yes,no,no,0,0,yes,no,,0,,no,no,no
wpn_mp40_fire_plr_pap,raw\sound\zmb_blops\wpn\pap\pap_shot_st.LN65.pc.snd,wpn_mp40_flux_l_plr_pap,loaded,bus_hdrfx,grp_weapon,snp_wpn_1p,,70,0,87,87,0,5000,5000,allon,default,allon,default,1,8,oldest,oldest,0,0,90,90,0.25,1,2d,wpn_all,nonlooping,,1,0,0,0,0,0.25,no,no,none,0,,no,,,yes,no,no,0,0,yes,no,,0,,no,no,no
wpn_scar_fire_npc,raw\sound\wpn\assault\scar\plr\shot\wpn_scar_shot_plr.LN65.pc.snd,wpn_scar_LFE_npc,loaded,bus_fx,grp_weapon,snp_wpn_3p,,55,0,82,82,900,900,901,cosdelay,alloff,cosdelay,default,8,2,priority,oldest,-125,125,40,90,0.25,0.8,3d,default,nonlooping,,1,0,0,0,0,0.25,no,no,none,0,,no,,,yes,no,no,0,0,yes,no,,0,,no,no,no
wpn_scar_fire_npc_pap,raw\sound\wpn\pap\pap_shot_st.LN65.pc.snd,wpn_scar_flux_l_npc_pap,loaded,bus_fx,grp_weapon,snp_wpn_3p,,80,0,82,82,75,1250,1250,allon,default,allon,default,10,3,priority,oldest,-100,100,50,90,0.35,1,3d,default,nonlooping,pitch,1,0,0,0,0,0.25,no,no,none,0,,no,,,yes,no,no,0,0,yes,no,,0,,no,no,no
wpn_scar_fire_plr,raw\sound\wpn\assault\scar\plr\shot\wpn_scar_shot_plr.LN65.pc.snd,wpn_scar_lfe,loaded,bus_fx,grp_weapon,snp_wpn_1p,,65,0,95,95,0,5000,5000,allon,default,allon,default,3,8,oldest,oldest,-50,50,90,90,0.25,1,2d,front_mostly,nonlooping,,1,0,0,0,0,0.25,no,no,none,0,,no,,,yes,no,no,0,0,yes,no,,0,,no,no,no
wpn_scar_fire_plr_pap,raw\sound\wpn\pap\pap_shot_st.LN65.pc.snd,wpn_scar_flux_l_plr_pap,loaded,bus_hdrfx,grp_weapon,snp_wpn_1p,,70,0,87,87,0,5000,5000,allon,default,allon,default,1,8,oldest,oldest,0,0,90,90,0.25,1,2d,wpn_all,nonlooping,,1,0,0,0,0,0.25,no,no,none,0,,no,,,yes,no,no,0,0,yes,no,,0,,no,no,no
